Workbook

Sheet CEX (wide)
A1: Category | C1: Commodities | D1: Commodities | E1: Commodities | F1: Commodities | G1: Stocks | H1: Stocks | I1: Stocks | J1: Stocks | K1: Stocks | L1: Stocks | M1: Stocks | N1: Stocks | O1: Indices | P1: Stocks | Q1: Commodities | R1: Stocks | S1: Commodities | T1: Stocks | U1: Stocks | V1: Stocks | W1: Indices | X1: Stocks | Y1: Indices | Z1: Stocks | AA1: Stocks | AB1: Commodities | AC1: Indices | AD1: Pre-IPO | AE1: Commodities | AF1: Stocks | AG1: Stocks | AH1: Stocks | AI1: Stocks | AJ1: Stocks | AK1: Commodities | AL1: Stocks | AM1: Stocks | AN1: Stocks | AO1: Indices | AP1: Stocks | AQ1: Stocks | AR1: Stocks | AS1: Stocks | AT1: Stocks | AU1: Indices | AV1: Indices | AW1: Stocks | AX1: Indices | AY1: Stocks | AZ1: Stocks | BA1: Stocks | BB1: Stocks | BC1: Indices | BD1: Stocks | BE1: Pre-IPO | BF1: Pre-IPO | BG1: Stocks | BH1: Stocks | BI1: Stocks | BJ1: Stocks | BK1: Stocks | BL1: Stocks | BM1: Stocks | BN1: Indices | BO1: Stocks | BP1: Stocks | BQ1: Stocks | BR1: Stocks | BS1: Stocks | BT1: Stocks | BU1: Stocks | BV1: Indices | BW1: Stocks | BX1: Stocks | BY1: Stocks | BZ1: Stocks | CA1: Stocks | CB1: Stocks | CC1: Indices | CD1: Stocks | CE1: Indices | CF1: Stocks | CG1: Stocks | CH1: Stocks | CI1: Stocks | CJ1: Stocks | CK1: Stocks | CL1: Stocks | CM1: Stocks | CN1: Commodities | CO1: Indices | CP1: Stocks | CQ1: Stocks | CR1: Stocks | CS1: Stocks | CT1: Indices | CU1: Stocks | CV1: Stocks | CW1: Stocks | CX1: Stocks | CY1: Stocks | CZ1: Stocks | DA1: Indices | DB1: Stocks | DC1: Indices | DD1: Indices | DE1: Stocks | DF1: Indices | DG1: Indices | DH1: Stocks | DI1: Stocks | DJ1: Stocks | DK1: Stocks | DL1: Stocks | DM1: Stocks | DN1: Indices | DO1: Stocks | DP1: Stocks | DQ1: Stocks | DR1: Stocks | DS1: Stocks | DT1: Stocks | DU1: Stocks | DV1: Stocks | DW1: Pre-IPO | DX1: Stocks | DY1: Indices | DZ1: Stocks | EA1: Commodities | EB1: Indices | EC1: Indices | ED1: FX | EE1: Commodities | EF1: Stocks | EG1: Stocks | EH1: FX | EI1: Indices | EJ1: Stocks | EK1: Stocks | EL1: Pre-IPO | EM1: Stocks | EN1: Indices | EO1: Indices | EP1: Stocks | EQ1: Stocks | ER1: Stocks | ES1: Stocks | ET1: FX | EU1: Stocks | EV1: FX | EW1: Stocks | EX1: Stocks | EY1: Stocks | EZ1: Stocks | FA1: Stocks | FB1: Stocks | FC1: Stocks | FD1: Stocks | FE1: Stocks | FF1: Stocks | FG1: Stocks | FH1: Stocks | FI1: Stocks | FJ1: Stocks | FK1: Stocks | FL1: Stocks | FM1: Stocks | FN1: Stocks | FO1: Stocks | FP1: Stocks | FQ1: Stocks | FR1: Stocks | FS1: Stocks | FT1: Stocks | FU1: Stocks | FV1: Stocks | FW1: Stocks | FX1: Stocks | FY1: Stocks | FZ1: Stocks | GA1: FX | GB1: Stocks | GC1: Stocks | GD1: Stocks | GE1: FX | GF1: FX | GG1: FX
A2: dt | B2: Total | C2: XAU | D2: XAG | E2: WTI | F2: BZ | G2: CRCL | H2: TSLA | I2: MU | J2: SNDK | K2: NVDA | L2: MSTR | M2: INTC | N2: COIN | O2: EWY | P2: HOOD | Q2: NATGAS | R2: AAPL | S2: XPT | T2: PLTR | U2: AMZN | V2: GOOGL | W2: QQQ | X2: AMD | Y2: SOXL | Z2: META | AA2: MSFT | AB2: XCU | AC2: SPY | AD2: CBRS | AE2: XPD | AF2: TSM | AG2: AIA | AH2: ORCL | AI2: PLAY | AJ2: BABA | AK2: NG | AL2: MRVL | AM2: ARM | AN2: RKLB | AO2: DRAM | AP2: QCOM | AQ2: AVGO | AR2: LITE | AS2: NFLX | AT2: IP | AU2: NAS100 | AV2: TQQQ | AW2: PAYP | AX2: EWJ | AY2: FLY | AZ2: AAOI | BA2: CFG | BB2: APP | BC2: LIT | BD2: RDDT | BE2: OPENAI | BF2: ANTHROPIC | BG2: ASML | BH2: APLD | BI2: USAR | BJ2: CRWV | BK2: OXY | BL2: FUTU | BM2: STX | BN2: SOXS | BO2: JD | BP2: IONQ | BQ2: NBIS | BR2: MCD | BS2: LLY | BT2: WMT | BU2: EDU | BV2: SQQQ | BW2: XOM | BX2: MET | BY2: COHR | BZ2: UNH | CA2: BE | CB2: COP | CC2: TW88 | CD2: GE | CE2: EWT | CF2: GME | CG2: CSCO | CH2: KOPN | CI2: IR | CJ2: COST | CK2: CRDO | CL2: AXTI | CM2: LWLG | CN2: GAS | CO2: UK100 | CP2: OKLO | CQ2: AMAT | CR2: MP | CS2: KLAC | CT2: KWEB | CU2: BMNR | CV2: GT | CW2: WDC | CX2: A | CY2: VRT | CZ2: FLNC | DA2: JPN225 | DB2: INFQ | DC2: US30 | DD2: VIX | DE2: DIS | DF2: HK50 | DG2: XLE | DH2: JPM | DI2: TENCENT | DJ2: HD | DK2: XIAOMI | DL2: KO | DM2: UBER | DN2: AUS200 | DO2: V | DP2: BA | DQ2: NIO | DR2: IBM | DS2: NOC | DT2: LMT | DU2: BRKB | DV2: GLW | DW2: ZHIPU | DX2: IREN | DY2: US2000 | DZ2: ACN | EA2: GLD | EB2: IWM | EC2: GER40 | ED2: EURUSD | EE2: XUNCE | EF2: GD | EG2: KUAISHOU | EH2: HSCHKD | EI2: EWH | EJ2: ALL | EK2: MEITUAN | EL2: MINIMAX | EM2: RTX | EN2: SBP | EO2: INDA | EP2: SMCI | EQ2: LENOVO | ER2: PG | ES2: PEP | ET2: GBPUSD | EU2: ASTS | EV2: EUR | EW2: FN | EX2: CARR | EY2: CMI | EZ2: NXT | FA2: ETN | FB2: DELL | FC2: GEELY | FD2: SUNAC | FE2: ANTA | FF2: BWXT | FG2: CEG | FH2: AKESO | FI2: CLS | FJ2: ABBV | FK2: HPE | FL2: DDOG | FM2: FSLR | FN2: CCJ | FO2: CITIC | FP2: JNJ | FQ2: POET | FR2: ALB | FS2: JCI | FT2: HSBC | FU2: MDB | FV2: RDW | FW2: APH | FX2: SNOW | FY2: ANET | FZ2: NOK | GA2: GBP | GB2: ONDS | GC2: SHLD | GD2: OUST | GE2: CHF | GF2: JPY | GG2: AUD
A3: 46162 | B3: 8.5814482e+09 | C3: 2.2296084e+09 | D3: 1.8897786e+09 | E3: 1.7836155e+09 | F3: 4.0701165e+08 | G3: 1.2479557e+08 | H3: 73846649 | I3: 3.6149794e+08 | J3: 3.4396301e+08 | K3: 3.0902692e+08 | L3: 62669403 | M3: 1.7494909e+08 | N3: 23160793 | O3: 1.2290054e+08 | P3: 7837966 | Q3: 45744495 | R3: 11858738 | S3: 8472266.1 | T3: 10372937 | U3: 9371163.9 | V3: 40062293 | W3: 42666898 | X3: 50333970 | Y3: 66269034 | Z3: 8291444.6 | AA3: 14026733 | AB3: 7654506.3 | AC3: 18907151 | AD3: 1.2285408e+08 | AE3: 4492061.1 | AF3: 6382881.3 | AG3: 3199934.9 | AH3: 7400429.6 | AI3: 12296697 | AJ3: 11969816 | AK3: 4979870.1 | AL3: 14561771 | AM3: 5013066.5 | AN3: 16361389 | AO3: 21024826 | AP3: 6197131.7 | AQ3: 3421360.8 | AR3: 9589269.6 | AS3: 329131.81 | AT3: 362770.56 | AU3: 689583.64 | AV3: 1714242.6 | AW3: 497574.8 | AX3: 1312523.4 | AY3: 2868989.4 | AZ3: 2821129.1 | BA3: 383291.99 | BB3: 405961.97 | BC3: 6587671.9 | BD3: 742594.26 | BE3: 1624454.3 | BF3: 2191286.1 | BG3: 1021124.3 | BH3: 7579302 | BI3: 5520870 | BJ3: 2247769.3 | BK3: 1198538.9 | BL3: 300950.99 | BM3: 174468.49 | BN3: 2256859.5 | BO3: 111554.99 | BP3: 1685284.8 | BQ3: 2591550.8 | BR3: 186452.04 | BS3: 508485.34 | BT3: 925131.21 | BU3: 127111.67 | BV3: 1470003.3 | BW3: 281342.11 | BX3: 60910.43 | BY3: 1063532.8 | BZ3: 189201.3 | CA3: 3456721.5 | CB3: 102181.05 | CC3: 959143.28 | CD3: 140247.77 | CE3: 542302.84 | CF3: 130278 | CG3: 2504613.4 | CH3: 2111366.3 | CI3: 14490.107 | CJ3: 345956.52 | CK3: 1686650.2 | CL3: 1877524.5 | CM3: 1707317 | CN3: 43381.536 | CO3: 81490.742 | CP3: 505742.13 | CQ3: 189951.45 | CR3: 1102830.9 | CS3: 622576.54 | CT3: 11921.965 | CU3: 112429.98 | CV3: 47799.257 | CW3: 489528.45 | CX3: 37123.176 | CY3: 2047945.4 | CZ3: 2038953.7 | DA3: 26899.204 | DB3: 623236.19 | DC3: 106540.7 | DD3: 56715.736 | DE3: 314136.62 | DF3: 25090.56 | DG3: 133285.01 | DH3: 489879.66 | DI3: 145187.12 | DJ3: 460884.2 | DK3: 21558.859 | DL3: 17896.439 | DM3: 367929.18 | DN3: 11535.034 | DO3: 692270.22 | DP3: 19492.57 | DQ3: 741324.22 | DR3: 20799.644 | DS3: 13145.36 | DT3: 9456.7857 | DU3: 847003.34 | DV3: 183178.9 | DW3: 11415.693 | DX3: 89209.475 | DY3: 8157.3535 | DZ3: 9164.3275 | EA3: 599197.94 | EB3: 20979.679 | EC3: 20287.809 | ED3: 18334.981 | EE3: 8197.332 | EF3: 7686.8244 | EG3: 16938.438 | EH3: 3227.7651 | EI3: 4861.0848 | EJ3: 19671.849 | EK3: 7360.3435 | EL3: 15696.892 | EM3: 11453.437 | EN3: 18886.043 | EO3: 47052.648 | EP3: 152064.09 | EQ3: 5082.539 | ER3: 2534.5985 | ES3: 6408.9702 | ET3: 4618.3087 | EU3: 622183.45 | EV3: 33664.237 | EW3: 13922.393 | EX3: 17533.155 | EY3: 14092.585 | EZ3: 2943.4216 | FA3: 107181.63 | FB3: 55745.553 | FC3: 4563.448 | FD3: 2704.2114 | FE3: 3006.1007 | FF3: 3609.287 | FG3: 19823.778 | FH3: 3054.1265 | FI3: 14314.764 | FJ3: 5450.1981 | FK3: 7601.832 | FL3: 6220.4768 | FM3: 7657.3427 | FN3: 9586.2885 | FO3: 3688.1653 | FP3: 4916.1995 | FQ3: 246857.4 | FR3: 3246.1727 | FS3: 3439.0766 | FT3: 2170.1372 | FU3: 7206.824 | FV3: 213759.54 | FW3: 3052.5553 | FX3: 5337.434 | FY3: 2784.5832 | FZ3: 98715.457 | GA3: 0 | GB3: 48073.39 | GC3: 16024.781 | GD3: 17734.787 | GE3: 0 | GF3: 0 | GG3: 0
A4: 46161 | B4: 7.2487997e+09 | C4: 2.0584575e+09 | D4: 1.892921e+09 | E4: 8.0882903e+08 | F4: 1.7827564e+08 | G4: 1.8182528e+08 | H4: 74338010 | I4: 5.2523086e+08 | J4: 4.3014738e+08 | K4: 1.8904375e+08 | L4: 56791059 | M4: 1.3111408e+08 | N4: 25738089 | O4: 83937290 | P4: 9249524.3 | Q4: 43589413 | R4: 7482620.9 | S4: 9387224.2 | T4: 9659250.4 | U4: 7920141.9 | V4: 29125724 | W4: 39120191 | X4: 33733036 | Y4: 78615381 | Z4: 9077104.9 | AA4: 23341009 | AB4: 7372737.1 | AC4: 13249008 | AD4: 1.0367191e+08 | AE4: 4919705.5 | AF4: 5899075.9 | AG4: 9565179.1 | AH4: 6882095.7 | AI4: 3024254.8 | AJ4: 7346290.4 | AK4: 3163247.3 | AL4: 8237113.2 | AM4: 3192196.1 | AN4: 12456131 | AO4: 20589493 | AP4: 4759556.4 | AQ4: 3861123.2 | AR4: 8924113.2 | AS4: 947878.86 | AT4: 346073.56 | AU4: 1007267.8 | AV4: 2501705.1 | AW4: 307512.22 | AX4: 1173256.7 | AY4: 4273933 | AZ4: 4575670.4 | BA4: 476573.57 | BB4: 525064.31 | BC4: 1917406.6 | BD4: 310860.33 | BE4: 9274948.2 | BF4: 1039898.8 | BG4: 585124.01 | BH4: 3732206.6 | BI4: 3166948.5 | BJ4: 3499590.5 | BK4: 59216.812 | BL4: 383941.98 | BM4: 236094.57 | BN4: 4719220.6 | BO4: 101837.14 | BP4: 2033379.2 | BQ4: 4058027.5 | BR4: 174011.14 | BS4: 556074.71 | BT4: 1147257.2 | BU4: 138706.66 | BV4: 1999766 | BW4: 54532.614 | BX4: 56868.299 | BY4: 2788917.8 | BZ4: 229756.44 | CA4: 2657128.8 | CB4: 57851.816 | CC4: 32972.17 | CD4: 66657.878 | CE4: 709237.46 | CF4: 99615.66 | CG4: 1768342.8 | CH4: 1658871.7 | CI4: 83313.14 | CJ4: 304329.97 | CK4: 1280672.7 | CL4: 2985749.6 | CM4: 1175746 | CN4: 122589.37 | CO4: 74525.236 | CP4: 524790.45 | CQ4: 190060.56 | CR4: 1242971.9 | CS4: 454520.05 | CT4: 42269.883 | CU4: 139546.26 | CV4: 55878.18 | CW4: 781258.71 | CX4: 24512.607 | CY4: 1604083.5 | CZ4: 1755651.3 | DA4: 55499.293 | DB4: 244715.65 | DC4: 95393.177 | DD4: 50802.97 | DE4: 435484.31 | DF4: 67594.167 | DG4: 233628.29 | DH4: 616889.23 | DI4: 153937.5 | DJ4: 921182.4 | DK4: 23715.207 | DL4: 16822.631 | DM4: 299306.34 | DN4: 14375.412 | DO4: 476795.69 | DP4: 57904.152 | DQ4: 112222.69 | DR4: 7441.1763 | DS4: 10024.601 | DT4: 9390.0634 | DU4: 736738.47 | DV4: 280394.65 | DW4: 20042.072 | DX4: 58451.773 | DY4: 14002.707 | DZ4: 62033.128 | EA4: 1794.2126 | EB4: 151189.76 | EC4: 11239.493 | ED4: 21171.006 | EE4: 22502.503 | EF4: 7452.2989 | EG4: 15547.289 | EH4: 27452.892 | EI4: 19297.817 | EJ4: 18902.82 | EK4: 12589.204 | EL4: 11293.264 | EM4: 10671.176 | EN4: 12606.328 | EO4: 5055.0877 | EP4: 19163.454 | EQ4: 4215.4995 | ER4: 3264.7407 | ES4: 6512.1492 | ET4: 6266.1796 | EU4: 179757.91 | EV4: 388424.48 | EW4: 14259.514 | EX4: 23260.045 | EY4: 13535.539 | EZ4: 6721.5317 | FA4: 49889.192 | FB4: 5518.3984 | FC4: 4513.03 | FD4: 2714.9307 | FE4: 1713.009 | FF4: 3617.329 | FG4: 10914.857 | FH4: 2657.9416 | FI4: 6113.429 | FJ4: 11282.324 | FK4: 6412.469 | FL4: 8917.6812 | FM4: 5829.6565 | FN4: 2835.2179 | FO4: 2997.4652 | FP4: 4251.5089 | FQ4: 71860.181 | FR4: 4026.6948 | FS4: 2834.8695 | FT4: 2231.0647 | FU4: 18335.538 | FV4: 26321.338 | FW4: 3627.4975 | FX4: 6455.5192 | FY4: 3241.9169 | FZ4: 34467.445 | GA4: 210.14764 | GB4: 20139.45 | GC4: 15236.285 | GD4: 16126.29 | GE4: 0 | GF4: 0 | GG4: 0
A5: 46160 | B5: 9.0823647e+09 | C5: 2.3808183e+09 | D5: 2.2387889e+09 | E5: 1.5752684e+09 | F5: 4.7371597e+08 | G5: 2.0012192e+08 | H5: 86079130 | I5: 4.5873126e+08 | J5: 4.5530081e+08 | K5: 2.04593e+08 | L5: 1.1177519e+08 | M5: 1.8978921e+08 | N5: 34046735 | O5: 1.1891924e+08 | P5: 18254406 | Q5: 49808120 | R5: 10970466 | S5: 10358416 | T5: 10054112 | U5: 9205823.5 | V5: 34155967 | W5: 34088815 | X5: 33388228 | Y5: 47828861 | Z5: 7907556.7 | AA5: 17078740 | AB5: 8812488.7 | AC5: 15515339 | AD5: 40678829 | AE5: 4771972.5 | AF5: 8443002.9 | AG5: 12227281 | AH5: 8533352.3 | AI5: 535573.02 | AJ5: 10272233 | AK5: 3606360.8 | AL5: 11349113 | AM5: 2967015.5 | AN5: 20378596 | AO5: 12879218 | AP5: 3843729 | AQ5: 5535959.1 | AR5: 10450719 | AS5: 1008701.1 | AT5: 612290.2 | AU5: 1051508 | AV5: 2900088.6 | AW5: 806404.05 | AX5: 1579849.8 | AY5: 6377349.7 | AZ5: 5150824.5 | BA5: 365824.72 | BB5: 753575.27 | BC5: 525935.06 | BD5: 470290.02 | BE5: 894359.08 | BF5: 2856193.8 | BG5: 623293.35 | BH5: 3478584.3 | BI5: 5609363.8 | BJ5: 4910528 | BK5: 197313.07 | BL5: 377441.51 | BM5: 583297.68 | BN5: 5287664.7 | BO5: 285845.75 | BP5: 4503568.9 | BQ5: 4214499.8 | BR5: 300430.93 | BS5: 1144699 | BT5: 808333.96 | BU5: 385506.81 | BV5: 1813621.1 | BW5: 187701.86 | BX5: 83695.145 | BY5: 1770206.9 | BZ5: 1015179.2 | CA5: 2063078.3 | CB5: 43850.262 | CC5: 69941.202 | CD5: 230504.36 | CE5: 582305.4 | CF5: 201745.75 | CG5: 3253497.5 | CH5: 1789768.1 | CI5: 228259.16 | CJ5: 532932.47 | CK5: 621390.84 | CL5: 1738840 | CM5: 1103862.7 | CN5: 14562.81 | CO5: 80942.457 | CP5: 796050.62 | CQ5: 119206.89 | CR5: 633068.55 | CS5: 446640.53 | CT5: 14127.42 | CU5: 1709291 | CV5: 75525.072 | CW5: 689855.31 | CX5: 53715.629 | CY5: 1153790.4 | CZ5: 1103645 | DA5: 100552.78 | DB5: 907640.01 | DC5: 49757.842 | DD5: 30530.964 | DE5: 1087123.6 | DF5: 12323.199 | DG5: 546385.66 | DH5: 723102.95 | DI5: 22524.447 | DJ5: 808696.23 | DK5: 27751.345 | DL5: 19322.903 | DM5: 455408.62 | DN5: 17597.101 | DO5: 1230568 | DP5: 20424.58 | DQ5: 179971.03 | DR5: 5712.0477 | DS5: 10757.465 | DT5: 10392.801 | DU5: 673905.07 | DV5: 211958.35 | DW5: 35757.29 | DX5: 70348.015 | DY5: 7795.723 | DZ5: 18431.926 | EA5: 24850.778 | EB5: 81139.027 | EC5: 28639.855 | ED5: 130580.3 | EE5: 6742.155 | EF5: 9826.8151 | EG5: 24471.213 | EH5: 2961.4307 | EI5: 12429.727 | EJ5: 28692.427 | EK5: 35610.021 | EL5: 13849.381 | EM5: 61100.966 | EN5: 11906.949 | EO5: 15547.694 | EP5: 11582.393 | EQ5: 3664.9989 | ER5: 2610.3689 | ES5: 18668.364 | ET5: 7271.9383 | EV5: 1512.6076 | EW5: 38930.767 | EX5: 11239.659 | EY5: 12997.209 | EZ5: 15063.605 | FA5: 114451.13 | FB5: 56502.326 | FC5: 5271.808 | FD5: 3573.0594 | FE5: 5140.1992 | FF5: 3737.731 | FG5: 24634.375 | FH5: 3211.9763 | FI5: 6373.506 | FJ5: 4819.7879 | FK5: 7222.221 | FL5: 5046.2332 | FM5: 9664.0692 | FN5: 17105.535 | FO5: 3301.6795 | FP5: 4608.0536 | FR5: 3929.0293 | FS5: 3323.0905 | FT5: 5395.7481 | FU5: 20771.838 | FW5: 4659.8651 | FX5: 4870.3207 | FY5: 4251.9935 | GA5: 0 | GC5: 13487.065 | GE5: 0 | GF5: 0 | GG5: 0
A6: 46159 | B6: 1.3052204e+09 | C6: 4.0949112e+08 | D6: 3.1841008e+08 | E6: 2.0194689e+08 | F6: 52992134 | G6: 16568781 | H6: 8343979.8 | I6: 33677618 | J6: 25892874 | K6: 30462050 | L6: 12910501 | M6: 10370267 | N6: 3866355.8 | O6: 15893610 | P6: 1978419.5 | Q6: 7897471.9 | R6: 3653244.3 | S6: 3266302.8 | T6: 1426887.8 | U6: 831899.3 | V6: 7254391.8 | W6: 9290053.8 | X6: 2950552.6 | Y6: 2310463.4 | Z6: 1128617.2 | AA6: 1499639.1 | AB6: 5606610.6 | AC6: 6107491 | AD6: 6596984.6 | AE6: 1463772.1 | AF6: 827607.12 | AG6: 65725875 | AH6: 2045948 | AI6: 1466963.1 | AJ6: 549461.49 | AK6: 879301.75 | AL6: 4404383.2 | AM6: 321634.24 | AN6: 1155001.4 | AO6: 2250833.8 | AP6: 1410704 | AQ6: 1120819.5 | AR6: 1992469 | AS6: 152868.78 | AT6: 789602.65 | AU6: 558793.28 | AV6: 306840.2 | AW6: 321420.09 | AX6: 1452181.5 | AY6: 10235.536 | AZ6: 54514.563 | BA6: 142080.04 | BB6: 8049.6308 | BC6: 126884.94 | BD6: 16707.57 | BE6: 4626913.1 | BF6: 622052.91 | BG6: 142278.47 | BH6: 163517.62 | BI6: 440334.03 | BJ6: 167999.91 | BK6: 14086.213 | BL6: 97668.399 | BM6: 355140.51 | BN6: 240309.95 | BO6: 29025.662 | BP6: 112904.77 | BQ6: 127107.05 | BR6: 30988.175 | BS6: 1240789.6 | BT6: 16989.008 | BU6: 139975.94 | BV6: 81912.071 | BW6: 71078.658 | BX6: 73942.42 | BY6: 160283.51 | BZ6: 15626.456 | CA6: 132782.57 | CB6: 7106.3547 | CC6: 47768.172 | CD6: 17972.781 | CE6: 14560.81 | CF6: 55202.45 | CG6: 424719.9 | CH6: 27283.229 | CI6: 30094.986 | CJ6: 65298.938 | CK6: 80510.844 | CL6: 111009.9 | CM6: 29096.08 | CN6: 39623.238 | CO6: 3367.9843 | CP6: 30743.217 | CQ6: 29461.09 | CR6: 22492.288 | CS6: 21968.206 | CT6: 4240.8561 | CU6: 659264.33 | CV6: 54316.337 | CW6: 163958.54 | CX6: 101642.49 | CY6: 41819.147 | DA6: 9096.3345 | DB6: 108949 | DC6: 17677.756 | DD6: 33265.408 | DE6: 631826.86 | DF6: 6056.5764 | DG6: 187231.72 | DH6: 7361.5874 | DI6: 24098.506 | DJ6: 94383.976 | DK6: 23738.173 | DL6: 14635.734 | DM6: 161734.17 | DN6: 10875.391 | DO6: 7012.962 | DP6: 13724.153 | DQ6: 12492.245 | DR6: 10206.777 | DS6: 9655.1653 | DT6: 9264.6198 | DU6: 15343.547 | DV6: 49072.775 | DW6: 3502.8808 | DX6: 10258.224 | DY6: 5438.056 | DZ6: 4505.8155 | EA6: 16.3293 | EB6: 58802.635 | EC6: 5048.0316 | ED6: 2457.0126 | EE6: 10439.669 | EF6: 6324.7184 | EG6: 12347.72 | EH6: 2800.4154 | EI6: 1820.9268 | EJ6: 14444.423 | EK6: 14812.794 | EL6: 4885.3314 | EM6: 36257.799 | EN6: 11873.713 | EO6: 4527.1222 | EP6: 5783.127 | EQ6: 3753.9435 | ER6: 3488.9006 | ES6: 2660.0775 | ET6: 4587.9949 | EV6: 35.55 | EW6: 12756.718 | EX6: 11169.604 | EY6: 12368.035 | EZ6: 3073.8581 | FA6: 10739.481 | FB6: 4795.4485 | FC6: 4715.432 | FD6: 7483.6019 | FE6: 2590.8022 | FF6: 5706.402 | FG6: 19505.459 | FH6: 4084.79 | FI6: 6236.071 | FJ6: 7713.4178 | FK6: 7536.198 | FL6: 5839.6763 | FM6: 4525.8309 | FN6: 1929.2053 | FO6: 2967.9675 | FP6: 4840.5658 | FR6: 3762.5713 | FS6: 2574.6569 | FT6: 1610.0742 | FU6: 5736.67 | FW6: 2383.8113 | FX6: 4461.9227 | FY6: 3280.0286 | GA6: 0 | GE6: 0 | GF6: 0 | GG6: 0
A7: 46158 | B7: 8.7199853e+08 | C7: 3.0646108e+08 | D7: 1.4156483e+08 | E7: 1.6641608e+08 | F7: 36486731 | G7: 18898716 | H7: 6458215.7 | I7: 25186415 | J7: 23906061 | K7: 24484453 | L7: 11194576 | M7: 7831960.5 | N7: 3793089.6 | O7: 4798523 | P7: 2729924.8 | Q7: 4495347.1 | R7: 4428255.9 | S7: 4740886.1 | T7: 1812628.9 | U7: 1165737.7 | V7: 7469464.4 | W7: 9691168.9 | X7: 2728453.4 | Y7: 1786906.9 | Z7: 1263166.2 | AA7: 2448095.2 | AB7: 1902176.3 | AC7: 5914085.5 | AD7: 5776992.6 | AE7: 1245613.2 | AF7: 1482138.4 | AG7: 3196915.1 | AH7: 1428227.2 | AI7: 1479035.3 | AJ7: 995974.43 | AK7: 735633.97 | AL7: 5267555.5 | AM7: 603699.42 | AN7: 952387.75 | AO7: 1090718 | AP7: 1131192.9 | AQ7: 1535420.7 | AR7: 1225517.7 | AS7: 207561.92 | AT7: 524461.96 | AU7: 186546.91 | AV7: 204524.28 | AW7: 131664.37 | AX7: 660870.99 | AY7: 50117.397 | AZ7: 101636 | BA7: 134429.99 | BB7: 34135.195 | BC7: 131418.66 | BD7: 10035.45 | BE7: 762652.76 | BF7: 725497.5 | BG7: 39550.736 | BH7: 73892.471 | BI7: 169436.09 | BJ7: 626885.35 | BK7: 58065.603 | BL7: 10789.462 | BM7: 211543.07 | BN7: 136981.31 | BO7: 34605.396 | BP7: 575808.53 | BQ7: 92290.381 | BR7: 37933.4 | BS7: 377101.57 | BT7: 16459.876 | BU7: 147084.93 | BV7: 102470.9 | BW7: 30170.972 | BX7: 40877.134 | BY7: 152154.09 | BZ7: 108533.88 | CA7: 137454.58 | CB7: 4099.3414 | CC7: 53848.862 | CD7: 5747.4694 | CE7: 8263.451 | CF7: 34350.766 | CG7: 1867651 | CH7: 88769.08 | CI7: 28928.486 | CJ7: 90579.629 | CK7: 19777.643 | CL7: 223463.36 | CM7: 19929.777 | CN7: 36099.489 | CO7: 3515.4357 | CP7: 26965.938 | CQ7: 32727.224 | CR7: 9234.3972 | CS7: 18403.735 | CT7: 2913.7124 | CU7: 1094219.3 | CV7: 73104.103 | CW7: 159658 | CX7: 97608.806 | CY7: 30262.635 | DA7: 12898.073 | DB7: 11425.552 | DC7: 20924.473 | DD7: 146379.18 | DE7: 245143.57 | DF7: 5949.2688 | DG7: 211920.07 | DH7: 10616.626 | DI7: 12977.262 | DJ7: 414874.4 | DK7: 83144.549 | DL7: 16251.511 | DM7: 409117.87 | DN7: 10753.511 | DO7: 5977.527 | DP7: 27787.957 | DQ7: 97456.022 | DR7: 3943.2928 | DS7: 18330.73 | DT7: 9120.7353 | DU7: 8793.783 | DV7: 80130.051 | DW7: 2887.2648 | DX7: 14156.804 | DY7: 5717.802 | DZ7: 3859.9742 | EA7: 418626.31 | EB7: 102682.95 | EC7: 5183.5412 | ED7: 2335.3648 | EE7: 10164.603 | EF7: 7877.5081 | EG7: 10765.586 | EH7: 2036.8835 | EI7: 2317.18 | EJ7: 16163.136 | EK7: 6373.042 | EL7: 3795.2686 | EM7: 3397.5053 | EN7: 12376.017 | EO7: 2772.2827 | EP7: 5593.856 | EQ7: 2801.8719 | ER7: 2465.728 | ES7: 2625.3256 | ET7: 2528.1759 | EV7: 1960.5068 | EW7: 13712.83 | EX7: 11613.037 | EY7: 12425.842 | EZ7: 2945.7449 | FA7: 12814.758 | FB7: 5028.2517 | FC7: 4723.628 | FD7: 5482.8666 | FE7: 3453.7801 | FF7: 3654.728 | FG7: 30421.266 | FH7: 2717.9697 | FI7: 6894.267 | FJ7: 3907.5401 | FK7: 5736.932 | FL7: 9250.4671 | FM7: 4267.6569 | FN7: 8644.3016 | FO7: 2973.25 | FP7: 4103.307 | FR7: 3156.0722 | FS7: 2671.2498 | FT7: 1668.717 | FU7: 5754.724 | FW7: 2495.8957 | FX7: 3466.3648 | FY7: 29343.778 | GA7: 0 | GE7: 0 | GF7: 0 | GG7: 0
A8: 46157 | B8: 9.7713e+09 | C8: 3.1721097e+09 | D8: 2.8857125e+09 | E8: 1.0545491e+09 | F8: 3.9178465e+08 | G8: 2.4377398e+08 | H8: 85460428 | I8: 4.1847633e+08 | J8: 4.7526675e+08 | K8: 2.5601366e+08 | L8: 82229495 | M8: 1.2256605e+08 | N8: 29772650 | O8: 82057386 | P8: 14035706 | Q8: 36160422 | R8: 15918063 | S8: 13731860 | T8: 13513309 | U8: 9800491.5 | V8: 19572086 | W8: 32799538 | X8: 32289616 | Y8: 26754787 | Z8: 12311209 | AA8: 20451684 | AB8: 18192424 | AC8: 13228959 | AD8: 39727727 | AE8: 6742333.2 | AF8: 9204873.7 | AG8: 916119.79 | AH8: 5881852.3 | AI8: 4475403.2 | AJ8: 7412987.1 | AK8: 3177406.6 | AL8: 6253723.9 | AM8: 2429974.6 | AN8: 4773461.7 | AO8: 8735677.7 | AP8: 6926201.5 | AQ8: 5486704.2 | AR8: 11133372 | AS8: 566834.88 | AT8: 850660.53 | AU8: 1001856.3 | AV8: 2707235.2 | AW8: 493986.56 | AX8: 1798339 | AY8: 5703354.8 | AZ8: 2434871.8 | BA8: 138634.69 | BB8: 662190.48 | BC8: 355880.37 | BD8: 404947.01 | BE8: 842790.96 | BF8: 778571.21 | BG8: 354338.61 | BH8: 2763101.7 | BI8: 2518098.8 | BJ8: 1663616.3 | BK8: 222990.56 | BL8: 965736.27 | BM8: 515577.57 | BN8: 1819739.1 | BO8: 416400.84 | BP8: 4481661.8 | BQ8: 3077120.7 | BR8: 134193.03 | BS8: 1785941.4 | BT8: 268811.78 | BU8: 264615.06 | BV8: 1205098.3 | BW8: 435316.12 | BX8: 36675.485 | BY8: 2066681.7 | BZ8: 473304.92 | CA8: 2271585.3 | CB8: 63236.248 | CC8: 1432381.6 | CD8: 234500.47 | CE8: 1009118.3 | CF8: 164733.64 | CG8: 2834590.7 | CH8: 1300626.2 | CI8: 185824.82 | CJ8: 625736.13 | CK8: 816244.19 | CL8: 2194945 | CM8: 1358720.5 | CN8: 94501.326 | CO8: 27868.453 | CP8: 568901.35 | CQ8: 347972.63 | CR8: 458346.68 | CS8: 591405.89 | CT8: 46402.379 | CU8: 970969.66 | CV8: 81150.965 | CW8: 763763.6 | CX8: 127223.44 | CY8: 636101.07 | DA8: 57522.615 | DB8: 1262394.5 | DC8: 45848.692 | DD8: 61495.359 | DE8: 1025917.2 | DF8: 23034.509 | DG8: 244542.29 | DH8: 7853.2043 | DI8: 46962.711 | DJ8: 451453.32 | DK8: 90073.402 | DL8: 18399.147 | DM8: 1076162.2 | DN8: 12509.678 | DO8: 6321.136 | DP8: 222807.38 | DQ8: 125242.34 | DR8: 8858.396 | DS8: 9793.2787 | DT8: 14890.948 | DU8: 15326.849 | DV8: 37561.654 | DW8: 21645.975 | DX8: 208090.59 | DY8: 10065.78 | DZ8: 4008.5273 | EA8: 8600.725 | EB8: 448147.08 | EC8: 18060.957 | ED8: 15378.619 | EE8: 11635.353 | EF8: 7041.4438 | EG8: 16353.348 | EH8: 8134.3673 | EI8: 18634.829 | EJ8: 12240.033 | EK8: 2461.3357 | EL8: 10744.885 | EM8: 8428.0096 | EN8: 14558.941 | EO8: 10142.672 | EP8: 7936.454 | EQ8: 28267.424 | ER8: 4993.1049 | ES8: 43571.37 | ET8: 26526.808 | EV8: 1118.9675 | EW8: 24865.42 | EX8: 11589.935 | EY8: 18632.454 | EZ8: 11402.132 | FA8: 48785.516 | FB8: 4853.0679 | FC8: 4902.312 | FD8: 3983.4972 | FE8: 7928.2624 | FF8: 5701.889 | FG8: 6435.021 | FH8: 3255.3566 | FI8: 6593.098 | FJ8: 4322.2262 | FK8: 6647.093 | FL8: 7299.7842 | FM8: 6002.7835 | FN8: 2290.7901 | FO8: 3435.8314 | FP8: 5692.4089 | FR8: 10720.38 | FS8: 6292.5252 | FT8: 3029.8536 | FU8: 6799.975 | FW8: 7225.3469 | FX8: 9558.8111 | FY8: 2908.2681 | GA8: 378.58904 | GE8: 0 | GF8: 0 | GG8: 0
A9: 46156 | B9: 7.1033667e+09 | C9: 1.855873e+09 | D9: 2.1279618e+09 | E9: 9.3678294e+08 | F9: 2.5243052e+08 | G9: 3.1014604e+08 | H9: 81373255 | I9: 3.179578e+08 | J9: 2.4947167e+08 | K9: 2.4982685e+08 | L9: 1.0312398e+08 | M9: 1.1756601e+08 | N9: 56260016 | O9: 33963063 | P9: 17640126 | Q9: 50989508 | R9: 11117196 | S9: 14788894 | T9: 10724684 | U9: 8258428.2 | V9: 18671122 | W9: 29480348 | X9: 32211031 | Y9: 10639363 | Z9: 9647292.9 | AA9: 17805610 | AB9: 11254950 | AC9: 10814121 | AD9: 13993151 | AE9: 5784499 | AF9: 11089036 | AG9: 428338.46 | AH9: 4534111.7 | AI9: 3854921.5 | AJ9: 13566577 | AK9: 4700284.2 | AL9: 3962213.1 | AM9: 3461504.3 | AN9: 5723052.7 | AO9: 5219828.6 | AP9: 9998809.4 | AQ9: 8133153.7 | AR9: 3961786.7 | AS9: 493057.96 | AT9: 717010.97 | AU9: 1039414 | AV9: 1245121 | AW9: 773540.64 | AX9: 2463877.8 | AY9: 2582933 | AZ9: 3888616.8 | BA9: 151540.14 | BB9: 525038.04 | BC9: 227703.5 | BD9: 277919.49 | BE9: 1199240.5 | BF9: 1282886.5 | BG9: 467337.65 | BH9: 1848011 | BI9: 3353170.5 | BJ9: 2328387 | BK9: 84183.605 | BL9: 696699.74 | BM9: 342511.43 | BN9: 833594.56 | BO9: 372871.32 | BP9: 1409518.9 | BQ9: 2155593.6 | BR9: 83227.407 | BS9: 2350960.5 | BT9: 137429.94 | BU9: 346454.66 | BV9: 511465.55 | BW9: 40720.578 | BX9: 83219.103 | BY9: 1933949.3 | BZ9: 151997.97 | CA9: 861042.2 | CB9: 18746.305 | CC9: 483531.34 | CD9: 69037.115 | CE9: 207598.24 | CF9: 317829.99 | CG9: 200751.44 | CH9: 3468014.5 | CI9: 66831.858 | CJ9: 319209.31 | CK9: 1281112.8 | CL9: 1327510.9 | CM9: 2238889.4 | CN9: 20159.519 | CO9: 134766.99 | CP9: 1443545 | CQ9: 1269674.3 | CR9: 338852.89 | CS9: 1114049.4 | CT9: 144929.21 | CU9: 1396881.1 | CV9: 55335.157 | CW9: 881521.51 | CX9: 66449.012 | CY9: 114288.93 | DA9: 26581.444 | DB9: 579674.32 | DC9: 32804.527 | DD9: 23534.385 | DE9: 6181.3882 | DF9: 34377.528 | DG9: 101060.41 | DH9: 7700.7464 | DI9: 121074.7 | DJ9: 5506.191 | DK9: 84858.905 | DL9: 14864.097 | DM9: 9870.975 | DN9: 12456.188 | DO9: 10012.989 | DP9: 350896.47 | DQ9: 368734.15 | DR9: 17808.853 | DS9: 13579.224 | DT9: 12007.532 | DU9: 24863.093 | DV9: 58424.113 | DW9: 140211.11 | DX9: 271458.93 | DY9: 8195.3139 | DZ9: 4624.8916 | EA9: 7666.4404 | EB9: 784227.56 | EC9: 13828.521 | ED9: 13512.123 | EE9: 15132.75 | EF9: 7615.1621 | EG9: 21411.386 | EH9: 4202.3674 | EI9: 60331.278 | EJ9: 6510.8613 | EK9: 7422.5828 | EL9: 23011.074 | EM9: 4169.1286 | EN9: 14488.069 | EO9: 11373.886 | EP9: 8006.15 | EQ9: 34630.628 | ER9: 2510.708 | ES9: 3153.9907 | ET9: 75461.289 | EV9: 263.2005 | EW9: 27089.08 | EX9: 11762.392 | EY9: 13386.424 | EZ9: 235838.13 | FA9: 34439.708 | FB9: 24852.74 | FC9: 12381.614 | FD9: 2534.9601 | FE9: 1935.1228 | FF9: 3933.786 | FG9: 7186.784 | FH9: 2879.3521 | FI9: 9582.963 | FJ9: 4863.6613 | FK9: 27479.152 | FL9: 4100.5296 | FM9: 4821.5753 | FN9: 7486.5322 | FO9: 3214.0409 | FP9: 4497.8166 | FR9: 5485.7821 | FS9: 5631.0367 | FT9: 1661.0411 | FU9: 6395.361 | FW9: 2542.6376 | FX9: 5994.8841 | FY9: 3768.3367 | GA9: 0 | GE9: 0 | GF9: 0 | GG9: 0
A10: 46155 | B10: 7.0803498e+09 | C10: 1.4044272e+09 | D10: 2.0411772e+09 | E10: 1.109374e+09 | F10: 2.7881095e+08 | G10: 2.5169194e+08 | H10: 1.1447906e+08 | I10: 5.3935624e+08 | J10: 4.0815698e+08 | K10: 1.707138e+08 | L10: 60465831 | M10: 1.8385444e+08 | N10: 29241498 | O10: 62490337 | P10: 14644194 | Q10: 49004282 | R10: 9455167.8 | S10: 15204095 | T10: 13277481 | U10: 7695239.2 | V10: 26541163 | W10: 21501782 | X10: 49613294 | Y10: 11239632 | Z10: 12438768 | AA10: 9249905.4 | AB10: 21447575 | AC10: 10275302 | AD10: 882146.57 | AE10: 5255223.7 | AF10: 6934475.4 | AG10: 469248.3 | AH10: 3174012.7 | AI10: 1333669.8 | AJ10: 26909962 | AK10: 3686286.1 | AL10: 5519766.9 | AM10: 2743900.9 | AN10: 4945694 | AO10: 11407974 | AP10: 13668976 | AQ10: 3403365.8 | AR10: 5425484.2 | AS10: 762877.99 | AT10: 826280.05 | AU10: 845010.49 | AV10: 1534162.4 | AW10: 706874.7 | AX10: 1528712 | AY10: 1238803.4 | AZ10: 4167383.2 | BA10: 259164.45 | BB10: 322742.81 | BC10: 342153.78 | BD10: 207225.85 | BE10: 1553971.5 | BF10: 2499874.6 | BG10: 511701.72 | BH10: 1668287.5 | BI10: 2605061 | BJ10: 2109655.7 | BK10: 136633.38 | BL10: 1074499 | BM10: 1562248.3 | BN10: 1334096.9 | BO10: 1371717 | BP10: 802225.93 | BQ10: 3431570.1 | BR10: 157365.96 | BS10: 505487.74 | BT10: 251264.66 | BU10: 295414.42 | BV10: 733129.33 | BW10: 45721.474 | BX10: 116898.46 | BY10: 2483872.6 | BZ10: 272477.44 | CA10: 1156732.4 | CB10: 80098.375 | CC10: 266636.9 | CD10: 100219.99 | CE10: 306882.77 | CF10: 242293.17 | CG10: 483227.09 | CH10: 2249200.3 | CI10: 125036.96 | CJ10: 369712.75 | CK10: 987724.32 | CL10: 1992099.5 | CM10: 3561192.2 | CN10: 45578.748 | CO10: 608828.65 | CP10: 1221675.4 | CQ10: 269478.45 | CR10: 410480.88 | CS10: 250593.81 | CT10: 334582.05 | CU10: 86700.784 | CV10: 82787.133 | CW10: 1333083.4 | CX10: 76734.883 | CY10: 322735.5 | DA10: 40596.861 | DB10: 541335.64 | DC10: 10925.259 | DD10: 70291.697 | DF10: 47305.562 | DG10: 180614.62 | DH10: 6248.1725 | DI10: 67697.624 | DJ10: 15727.523 | DK10: 59769.967 | DL10: 16295.761 | DM10: 8715.501 | DN10: 17232.546 | DO10: 7368.583 | DP10: 107669.59 | DQ10: 411006.16 | DR10: 28153.604 | DS10: 11856.841 | DT10: 15115.004 | DV10: 218011.12 | DW10: 639963.5 | DX10: 148904.28 | DY10: 9513.9207 | DZ10: 6248.7258 | EA10: 4316.616 | EC10: 15275.459 | ED10: 37014.945 | EE10: 75707.439 | EF10: 9494.8968 | EG10: 18904.332 | EH10: 4504.1804 | EI10: 19817.624 | EJ10: 9921.3666 | EK10: 10898.097 | EL10: 36995.561 | EM10: 3874.5179 | EN10: 20073.382 | EO10: 4950.2936 | EP10: 9089.749 | EQ10: 9288.4048 | ER10: 33310.447 | ES10: 3157.7346 | ET10: 8598.3783 | EV10: 0 | EW10: 20306.079 | EX10: 11506.082 | EY10: 17522.731 | EZ10: 21457.743 | FA10: 275871.16 | FB10: 18748.563 | FC10: 6927.959 | FD10: 2715.1444 | FE10: 2779.915 | FF10: 4543.142 | FG10: 27028.429 | FH10: 3222.0832 | FI10: 8411.13 | FJ10: 7569.1548 | FK10: 5830.859 | FL10: 11514.261 | FM10: 4923.031 | FN10: 4546.0356 | FO10: 3909.7095 | FP10: 4030.7234 | FR10: 6464.2144 | FS10: 3412.2613 | FT10: 1641.6303 | FU10: 7399.278 | FW10: 14153.753 | FX10: 5661.7695 | FY10: 8868.6415 | GA10: 617.92341 | GE10: 0 | GF10: 0 | GG10: 0
A11: 46154 | B11: 9.1805284e+09 | C11: 2.6367219e+09 | D11: 2.3263627e+09 | E11: 1.4281229e+09 | F11: 3.9481367e+08 | G11: 4.5686387e+08 | H11: 1.2110264e+08 | I11: 4.176653e+08 | J11: 4.1335436e+08 | K11: 1.4216706e+08 | L11: 73105667 | M11: 2.033353e+08 | N11: 44503566 | O11: 95411534 | P11: 14777045 | Q11: 47936299 | R11: 8038245.1 | S11: 13108361 | T11: 13743630 | U11: 7854663 | V11: 23277854 | W11: 29228989 | X11: 53021642 | Y11: 26755949 | Z11: 7345844.8 | AA11: 8931711 | AB11: 17544934 | AC11: 6868820.3 | AD11: 329014.73 | AE11: 4510670.4 | AF11: 8509329.9 | AG11: 398004.77 | AH11: 4037965.7 | AI11: 1111298.1 | AJ11: 2902901.1 | AK11: 4670860.1 | AL11: 2691171.4 | AM11: 2955714.9 | AN11: 8108761.3 | AO11: 10280473 | AP11: 16083602 | AQ11: 3725440.6 | AR11: 10027357 | AS11: 1142040.3 | AT11: 1099892.2 | AU11: 759638.98 | AV11: 1846945.6 | AW11: 1124399.9 | AX11: 1508465.3 | AY11: 3753336.3 | AZ11: 4095207.6 | BA11: 273542.89 | BB11: 603799.77 | BC11: 381603.55 | BD11: 297695.19 | BE11: 2182946 | BF11: 2865400.3 | BG11: 427663.19 | BH11: 3592975.7 | BI11: 2021717.1 | BJ11: 4261029.8 | BK11: 151515.64 | BL11: 715943.4 | BM11: 598580.1 | BN11: 1231880.3 | BO11: 1149098.7 | BP11: 2895696.2 | BQ11: 1490174.8 | BR11: 193527.8 | BS11: 440360.46 | BT11: 80857.436 | BU11: 546349.25 | BV11: 693446.99 | BW11: 146601.02 | BX11: 88402.485 | BY11: 2362905 | BZ11: 357010.29 | CA11: 1339223.7 | CB11: 114979.63 | CC11: 505953.87 | CD11: 142847.64 | CE11: 751931.63 | CF11: 979210.3 | CG11: 173931.43 | CH11: 4424046 | CI11: 444344.03 | CJ11: 297899.3 | CK11: 2959565.3 | CL11: 1503544.7 | CM11: 2159032.6 | CN11: 23826.076 | CO11: 410664.7 | CP11: 1538132.1 | CQ11: 299265.42 | CR11: 226679.54 | CS11: 180899.31 | CT11: 47706.243 | CU11: 49418.783 | CV11: 102913.41 | CW11: 2120779.1 | CX11: 98100.349 | CY11: 29835.272 | DA11: 61142.773 | DC11: 21359.332 | DD11: 26954.969 | DF11: 12609.588 | DG11: 370976.34 | DH11: 17846.963 | DI11: 40459.729 | DK11: 31848.165 | DL11: 37000.443 | DN11: 11355.733 | DO11: 6224.253 | DP11: 137248.18 | DQ11: 76499.417 | DR11: 20060.878 | DS11: 9951.8615 | DT11: 11307.753 | DV11: 233718.83 | DW11: 30961.743 | DX11: 256712.49 | DY11: 10124.613 | DZ11: 13304.263 | EA11: 2568.8884 | EC11: 7839.0893 | ED11: 6611.9933 | EE11: 20566.171 | EF11: 14219.984 | EG11: 27772.984 | EH11: 3543.2827 | EI11: 7452.0301 | EJ11: 3951.3545 | EK11: 3637.0009 | EL11: 26222.89 | EM11: 14350.352 | EN11: 19070.108 | EO11: 18768.946 | EP11: 20156.21 | EQ11: 3297.0955 | ER11: 4745.5714 | ES11: 6521.2157 | ET11: 7088.6657 | EV11: 0 | EW11: 14081.341 | EX11: 12901.591 | EY11: 14258.596 | EZ11: 12378.377 | FB11: 59952.261 | FC11: 5372.107 | FD11: 3615.9744 | FE11: 2796.0784 | FF11: 3893.316 | FG11: 15416.201 | FH11: 3689.0337 | FI11: 13756.804 | FJ11: 10548.47 | FK11: 7056.304 | FL11: 9449.4706 | FM11: 4372.7603 | FN11: 10139.857 | FO11: 3777.5558 | FP11: 6629.8277 | FR11: 9586.1967 | FS11: 6235.6782 | FT11: 2607.8629 | FU11: 11181.055 | FW11: 5727.0748 | FX11: 6953.204 | FY11: 3080.0297 | GA11: 618.3667 | GE11: 0 | GF11: 0 | GG11: 0
A12: 46153 | B12: 8.0185646e+09 | C12: 2.029449e+09 | D12: 2.1516841e+09 | E12: 1.0507551e+09 | F12: 3.2596877e+08 | G12: 6.2590165e+08 | H12: 99695151 | I12: 3.6775953e+08 | J12: 4.5238905e+08 | K12: 1.2513303e+08 | L12: 79636433 | M12: 2.1149689e+08 | N12: 53876499 | O12: 43370163 | P12: 20582855 | Q12: 62158680 | R12: 6770254.4 | S12: 14103276 | T12: 12274645 | U12: 6439792.9 | V12: 14642082 | W12: 20234638 | X12: 50783632 | Y12: 22932359 | Z12: 5432191.9 | AA12: 7058639.7 | AB12: 16041029 | AC12: 6387224.6 | AE12: 5916998.4 | AF12: 7057250.8 | AG12: 773034.25 | AH12: 3649892.5 | AI12: 2201075.3 | AJ12: 2691127.5 | AK12: 5595362.5 | AL12: 2745098.3 | AM12: 3636020.2 | AN12: 9499812.2 | AO12: 11790750 | AP12: 20669857 | AQ12: 2892478.8 | AR12: 4625734.6 | AS12: 1271554.9 | AT12: 910793.81 | AU12: 539459.39 | AV12: 1430033.1 | AW12: 793565.85 | AX12: 1027749.8 | AY12: 1408095.8 | AZ12: 3569141.8 | BA12: 389907.4 | BB12: 353930.47 | BC12: 568892.91 | BD12: 337714.92 | BE12: 3834673 | BF12: 2938603.1 | BG12: 651451.15 | BH12: 2899744 | BI12: 2926534.7 | BJ12: 1603435 | BK12: 225533.43 | BL12: 1037014 | BM12: 868815.97 | BN12: 619785.3 | BO12: 184206.02 | BP12: 2604773.1 | BQ12: 969143.77 | BR12: 457283.43 | BS12: 409872.75 | BT12: 160581.75 | BU12: 414227.46 | BV12: 295748.91 | BW12: 69786.944 | BX12: 76053.806 | BY12: 673219.9 | BZ12: 213373.13 | CA12: 868968.37 | CB12: 142477.19 | CC12: 27895.88 | CD12: 111954.43 | CE12: 154607.42 | CF12: 2081791 | CG12: 29166.514 | CH12: 828870.38 | CI12: 701421.18 | CJ12: 317634.26 | CK12: 866631.8 | CL12: 1605519.7 | CM12: 1149027.9 | CN12: 22966.677 | CO12: 284373.96 | CP12: 910545.74 | CQ12: 450074.79 | CR12: 626275.61 | CS12: 78140.621 | CT12: 37002.549 | CU12: 60408.295 | CV12: 88593.06 | CW12: 83471.541 | CX12: 250701.92 | CY12: 74000.284 | DA12: 46602.724 | DC12: 17817.937 | DD12: 15780.488 | DF12: 9402.1305 | DG12: 1422582.3 | DH12: 9348.8153 | DI12: 51506.224 | DK12: 46203.716 | DL12: 15975.065 | DN12: 12295.37 | DO12: 12923.243 | DP12: 110729.29 | DQ12: 448960.58 | DR12: 10956.27 | DS12: 10998.962 | DT12: 18744.741 | DV12: 244305.77 | DW12: 3441.185 | DX12: 130041.26 | DY12: 6783.3403 | DZ12: 7065.1254 | EA12: 4561.425 | EC12: 24973.894 | ED12: 5843.5979 | EE12: 9423.488 | EF12: 6412.2956 | EG12: 38599.151 | EH12: 3343.4797 | EI12: 5022.7278 | EJ12: 4859.0664 | EK12: 5290.7303 | EL12: 15676.977 | EM12: 6416.8453 | EN12: 23035.309 | EO12: 17497.023 | EP12: 17037.341 | EQ12: 7185.3996 | ER12: 23077.474 | ES12: 29315.006 | ET12: 7928.8641 | EV12: 0 | EW12: 12074.965 | EX12: 13936.647 | EY12: 12477.975 | EZ12: 2394.4232 | FB12: 83305.606 | FC12: 5349.778 | FD12: 2698.9112 | FE12: 115425.96 | FF12: 3792.841 | FG12: 37064.136 | FH12: 3940.7856 | FI12: 9564.049 | FJ12: 4820.4284 | FK12: 5724.515 | FL12: 6120.2689 | FM12: 5436.8852 | FN12: 3079.9417 | FO12: 3087.5235 | FP12: 4293.3919 | FR12: 4299.4475 | FS12: 3319.3822 | FT12: 2684.0619 | FU12: 8840.252 | FW12: 3101.8925 | FX12: 8767.4838 | FY12: 2618.8162 | GA12: 0 | GE12: 0 | GF12: 0 | GG12: 0
A13: 46152 | B13: 1.6838098e+09 | C13: 4.2822009e+08 | D13: 3.539857e+08 | E13: 4.3695853e+08 | F13: 1.2351925e+08 | G13: 31604175 | H13: 16348587 | I13: 37347702 | J13: 24307631 | K13: 23363649 | L13: 25577760 | M13: 22130035 | N13: 6404008.1 | O13: 13969449 | P13: 3471868.6 | Q13: 10604513 | R13: 2753580.4 | S13: 3011945.9 | T13: 2404590.3 | U13: 3651585.6 | V13: 5471797.8 | W13: 14953397 | X13: 11302039 | Y13: 647187.55 | Z13: 2548355.9 | AA13: 2568218.3 | AB13: 23618532 | AC13: 6345502.2 | AE13: 1345990.4 | AF13: 1349672.6 | AG13: 907488.9 | AH13: 992390.82 | AI13: 9830135.5 | AJ13: 1498733.6 | AK13: 1127115.8 | AL13: 291597.7 | AM13: 373171.72 | AN13: 1097733.2 | AO13: 2939333.7 | AP13: 3699556.6 | AQ13: 1517692.9 | AR13: 928057.2 | AS13: 208041.52 | AT13: 1525813 | AU13: 587457.43 | AV13: 450293.25 | AW13: 108091.68 | AX13: 478959.17 | AY13: 52415.333 | AZ13: 175311.03 | BA13: 515786.48 | BB13: 51709.787 | BC13: 250304.66 | BD13: 76388.196 | BE13: 3660445.4 | BF13: 6191054.1 | BG13: 86629.904 | BH13: 24115.429 | BI13: 709504.68 | BJ13: 378929.77 | BK13: 49038.754 | BL13: 14358.135 | BM13: 272887.07 | BN13: 78526.604 | BO13: 8630.9083 | BP13: 71810.113 | BQ13: 36583.574 | BR13: 40381.279 | BS13: 134008.38 | BT13: 43106.432 | BU13: 493553.16 | BV13: 131817.73 | BW13: 12082.071 | BX13: 160554.11 | BY13: 55694.949 | BZ13: 53463.967 | CA13: 58673.268 | CB13: 40090.236 | CC13: 10230.207 | CD13: 2042.4282 | CE13: 37886.964 | CF13: 26301.907 | CG13: 19329.388 | CI13: 207787.73 | CJ13: 22264.953 | CK13: 6150.1018 | CN13: 36478.657 | CO13: 7756.3062 | CP13: 120820.71 | CQ13: 110898.03 | CR13: 57692.81 | CS13: 28577.515 | CT13: 3636.9462 | CU13: 27699.896 | CV13: 61309.858 | CW13: 12748.462 | CX13: 113861.82 | CY13: 9482.8 | DA13: 11709.397 | DC13: 9117.5843 | DD13: 14835.217 | DF13: 6059.5964 | DH13: 8317.3266 | DI13: 15342.095 | DK13: 57791.346 | DL13: 16554.559 | DN13: 12050.427 | DO13: 6205.075 | DP13: 12819.945 | DR13: 4869.2587 | DS13: 13470.132 | DT13: 9391.6409 | DV13: 23515.918 | DW13: 2352.5894 | DX13: 49801.046 | DY13: 8183.1273 | DZ13: 7360.8971 | EA13: 6334.346 | EC13: 5603.2167 | ED13: 2499.7574 | EE13: 10338.807 | EF13: 14630.828 | EG13: 16768.824 | EH13: 18183.463 | EI13: 6275.5301 | EJ13: 8920.0804 | EK13: 2021.5964 | EL13: 7915.784 | EM13: 4165.4448 | EN13: 14503.445 | EO13: 3118.6798 | EP13: 13400.984 | EQ13: 2995.4758 | ER13: 3329.9649 | ES13: 2744.751 | ET13: 3797.1572 | EV13: 0 | EW13: 11135.002 | EX13: 12266.694 | EY13: 16043.052 | EZ13: 3330.7467 | FB13: 22776.487 | FC13: 7031.009 | FD13: 2721.8853 | FE13: 1960.1576 | FF13: 4249.649 | FG13: 9809.501 | FH13: 4711.3682 | FI13: 7031.853 | FJ13: 3729.6581 | FK13: 5635.826 | FL13: 3872.7588 | FM13: 3993.5421 | FN13: 2906.4817 | FO13: 3053.5837 | FP13: 4240.2079 | FR13: 11034.366 | FS13: 7891.3394 | FT13: 8747.0085 | FU13: 5575.081 | FW13: 2411.0426 | FX13: 4379.5915 | FY13: 4132.3824 | GA13: 0 | GE13: 0 | GF13: 0 | GG13: 0
A14: 46151 | B14: 5.6281653e+08 | C14: 1.068298e+08 | D14: 45100664 | E14: 1.3283842e+08 | F14: 36422299 | G14: 16172828 | H14: 7191090 | I14: 19549218 | J14: 17310398 | K14: 13471328 | L14: 8325706.1 | M14: 9321589.9 | N14: 3387931.9 | O14: 8423073.8 | P14: 1376349.4 | Q14: 6706759.6 | R14: 1484115.3 | S14: 983558.94 | T14: 904393.07 | U14: 1142281.8 | V14: 3180784.6 | W14: 8593004.4 | X14: 4354749.6 | Y14: 244410.79 | Z14: 1186376.5 | AA14: 1767021.9 | AB14: 4120753.7 | AC14: 44806652 | AE14: 837209.83 | AF14: 1370477.1 | AG14: 1300826.4 | AH14: 676846.97 | AI14: 17807734 | AJ14: 499631.91 | AK14: 852723.03 | AL14: 165584.21 | AM14: 126399.91 | AN14: 881492.69 | AO14: 5090425.9 | AP14: 819538.19 | AQ14: 880692.21 | AR14: 1753877.6 | AS14: 247339.35 | AT14: 2065158.5 | AU14: 314591.12 | AV14: 122737.23 | AW14: 115470.68 | AX14: 467629.02 | AY14: 47888.859 | AZ14: 239229.01 | BA14: 1679091 | BB14: 17558.558 | BC14: 535852.83 | BD14: 42285.484 | BE14: 4934304.8 | BF14: 8898455.4 | BG14: 54934.023 | BH14: 90743.791 | BI14: 623417.18 | BJ14: 339090.37 | BK14: 43284.187 | BL14: 63847.052 | BM14: 144680.18 | BN14: 194373.11 | BO14: 5764.43 | BP14: 40261.661 | BQ14: 36203.053 | BR14: 229431.41 | BS14: 132072.48 | BT14: 20237.439 | BU14: 620995.26 | BV14: 150665.18 | BW14: 19453.901 | BX14: 249085.26 | BY14: 47022.467 | BZ14: 11694.393 | CA14: 33268.398 | CB14: 16887.453 | CC14: 14024.491 | CD14: 3399.9035 | CE14: 12060.724 | CF14: 251912.64 | CG14: 16950.39 | CI14: 35367.811 | CJ14: 48216.78 | CK14: 48445.807 | CN14: 30550.715 | CO14: 32531.228 | CP14: 43834.883 | CQ14: 22159.699 | CR14: 117494.17 | CS14: 4270.5759 | CT14: 6419.4285 | CU14: 24925.862 | CV14: 76038.871 | CW14: 16417.14 | CX14: 80493.816 | CY14: 21585.555 | DA14: 11685.333 | DC14: 10676.258 | DD14: 15346.869 | DF14: 8835.7966 | DH14: 9126.808 | DI14: 21141.186 | DK14: 38159.299 | DL14: 22946.456 | DN14: 12210.448 | DO14: 6216.068 | DP14: 15475.392 | DR14: 5979.8114 | DS14: 9661.9875 | DT14: 9345.6711 | DV14: 21841.038 | DW14: 2135.0312 | DX14: 32953.272 | DY14: 5644.5348 | DZ14: 20158.15 | EA14: 17.8104 | EC14: 5779.1985 | ED14: 2716.5544 | EE14: 6043.325 | EF14: 34866.091 | EG14: 17841.359 | EH14: 16938.843 | EI14: 1897.2713 | EJ14: 6991.4923 | EK14: 2454.6925 | EL14: 21964.176 | EM14: 11622.389 | EN14: 14210.608 | EO14: 4006.1016 | EP14: 14680.519 | EQ14: 4639.3504 | ER14: 2679.2533 | ES14: 4492.862 | ET14: 2890.8727 | EV14: 0 | EW14: 15583.913 | EX14: 21651.223 | EY14: 27455.794 | EZ14: 3416.3297 | FB14: 22240.342 | FC14: 6298.568 | FD14: 3077.1888 | FE14: 8781.5213 | FF14: 12675.543 | FG14: 15933.129 | FH14: 11311.928 | FI14: 10702.862 | FJ14: 5417.6866 | FK14: 6639.617 | FL14: 4907.7883 | FM14: 4886.1213 | FN14: 13994.846 | FO14: 4981.5194 | FP14: 32223.106 | FR14: 6631.7753 | FS14: 9232.6538 | FT14: 4689.1928 | FU14: 14260.411 | FW14: 2610.2364 | FX14: 25599.668 | FY14: 3937.8932 | GA14: 0 | GE14: 0 | GF14: 0 | GG14: 0
A15: 46150 | B15: 5.8766396e+09 | C15: 1.5231662e+09 | D15: 1.2223399e+09 | E15: 1.2445352e+09 | F15: 5.6590194e+08 | G15: 1.0352719e+08 | H15: 80783942 | I15: 1.1825771e+08 | J15: 2.0589982e+08 | K15: 89571264 | L15: 57959959 | M15: 1.9095013e+08 | N15: 32094999 | O15: 29107246 | P15: 16302871 | Q15: 1.1374528e+08 | R15: 9017519.7 | S15: 9001923.8 | T15: 13326716 | U15: 6354095.5 | V15: 10704389 | W15: 25885593 | X15: 28906496 | Y15: 8092508.9 | Z15: 6816403.1 | AA15: 9295992.9 | AB15: 7912971.5 | AC15: 8037547.1 | AE15: 5944246.9 | AF15: 7704419.2 | AG15: 996707.18 | AH15: 5178294.1 | AI15: 22729876 | AJ15: 2323845.2 | AK15: 6244291.2 | AL15: 1284618.2 | AM15: 3525582.3 | AN15: 10221932 | AO15: 3435655.1 | AP15: 9374455.2 | AQ15: 4397669.5 | AR15: 3178351.5 | AS15: 357663.94 | AT15: 940969.83 | AU15: 1744412.6 | AV15: 1695549.6 | AW15: 1542288.9 | AX15: 1408823.6 | AY15: 4180665 | AZ15: 4888696.5 | BA15: 823035.45 | BB15: 1308116.2 | BC15: 418139.03 | BD15: 219340.3 | BE15: 2490429.8 | BF15: 5633970.1 | BG15: 569022.98 | BH15: 2245251.2 | BI15: 2014203.2 | BJ15: 3856875.1 | BK15: 261370.07 | BL15: 1613306 | BM15: 850868.66 | BN15: 932697.84 | BO15: 96469.55 | BP15: 844030.94 | BQ15: 665090.67 | BR15: 412800.33 | BS15: 382063.12 | BT15: 76478.229 | BU15: 426960.43 | BV15: 763521.16 | BW15: 94840.547 | BX15: 182887.74 | BY15: 704000.93 | BZ15: 123002.22 | CA15: 1102954.9 | CB15: 190870.72 | CC15: 113498.2 | CD15: 122925.56 | CE15: 370397.33 | CF15: 191877.32 | CG15: 54435.526 | CI15: 49598.358 | CJ15: 133094.43 | CK15: 607481.86 | CN15: 29616.729 | CO15: 492762.22 | CP15: 275204.56 | CQ15: 230176.27 | CR15: 1489645.7 | CS15: 256086.2 | CT15: 80586.319 | CU15: 66704.503 | CV15: 74730.158 | CW15: 45041.676 | CX15: 114487.47 | CY15: 45810.312 | DA15: 49065.792 | DC15: 30423.202 | DD15: 20429.295 | DF15: 10124.833 | DH15: 16879.524 | DI15: 117137.08 | DK15: 135078.19 | DL15: 22004.786 | DN15: 12949.015 | DO15: 6294.352 | DP15: 36845.11 | DR15: 19511.409 | DS15: 9789.3406 | DT15: 15679.522 | DV15: 121028.54 | DW15: 4683.389 | DX15: 169521.15 | DY15: 9897.1093 | DZ15: 21750.818 | EA15: 1500.256 | EC15: 17431.741 | ED15: 11144.285 | EE15: 19665.982 | EF15: 30328.102 | EG15: 80447.408 | EH15: 11319.602 | EI15: 7798.8822 | EJ15: 5052.7668 | EK15: 27158.15 | EL15: 44922.418 | EM15: 53736.906 | EN15: 22862.794 | EO15: 4770.0722 | EP15: 27269.172 | EQ15: 11366.114 | ER15: 4469.8948 | ES15: 3775.149 | ET15: 4916.2399 | EV15: 0 | EW15: 17549.871 | EX15: 22775.528 | EY15: 16870.178 | EZ15: 5098.1912 | FB15: 32390.594 | FC15: 6957 | FD15: 22725.822 | FE15: 8390.5435 | FF15: 30008.306 | FG15: 49754.465 | FH15: 19108.185 | FI15: 22450.451 | FJ15: 20740.182 | FK15: 5920.37 | FL15: 52183.754 | FM15: 5091.1371 | FN15: 15777.951 | FO15: 3849.1421 | FP15: 12771.758 | FR15: 38836.873 | FS15: 4479.6119 | FT15: 12145.385 | FU15: 11660.227 | FW15: 8869.0731 | FX15: 25019.631 | FY15: 7571.0976 | GA15: 0 | GE15: 0 | GF15: 0 | GG15: 0
A16: 46149 | B16: 8.4486545e+09 | C16: 2.3050121e+09 | D16: 1.757482e+09 | E16: 2.1638788e+09 | F16: 9.5581727e+08 | G16: 1.3429262e+08 | H16: 84312939 | I16: 95809535 | J16: 1.7494768e+08 | K16: 1.5602707e+08 | L16: 56386424 | M16: 1.0004536e+08 | N16: 50420753 | O16: 31436364 | P16: 21192293 | Q16: 58491523 | R16: 10288889 | S16: 11947688 | T16: 19608200 | U16: 8233990.8 | V16: 16746725 | W16: 20636180 | X16: 27941493 | Y16: 24694906 | Z16: 7687246.2 | AA16: 11400549 | AB16: 7955667.2 | AC16: 9075087.6 | AE16: 4049164.3 | AF16: 8680719.6 | AG16: 530161.35 | AH16: 7523861.9 | AI16: 5366609.5 | AJ16: 3388666.4 | AK16: 7985932.7 | AL16: 1983356.9 | AM16: 7634879.9 | AN16: 4212842.7 | AP16: 7337428.2 | AQ16: 4239724.5 | AR16: 2910200.7 | AS16: 604900.41 | AT16: 1883115.6 | AU16: 1283289.5 | AV16: 2300528.4 | AW16: 2407684.9 | AX16: 1264471.5 | AY16: 865737.41 | AZ16: 4119001.5 | BA16: 1512535.3 | BB16: 3200697 | BC16: 367486.44 | BD16: 298867.03 | BE16: 6414005.8 | BF16: 4493516.3 | BG16: 711820.35 | BH16: 3377672.9 | BI16: 2754010.9 | BJ16: 3240559.9 | BK16: 288501.7 | BL16: 1254181.9 | BM16: 1155608.9 | BN16: 808644.39 | BO16: 214000.59 | BP16: 1501919 | BQ16: 1568638.7 | BR16: 775157.45 | BS16: 170430.85 | BT16: 176364.74 | BU16: 407807.59 | BV16: 777202.53 | BW16: 200203.32 | BX16: 265054.04 | BY16: 1157753.3 | BZ16: 153969.11 | CA16: 577102.44 | CB16: 163982.07 | CC16: 135602.21 | CD16: 127000.56 | CE16: 512412.57 | CF16: 235945.69 | CG16: 52098.408 | CI16: 82363.13 | CJ16: 192931.55 | CK16: 1309128.2 | CN16: 9366.739 | CO16: 123249.6 | CP16: 630629.64 | CQ16: 518249.38 | CR16: 1139393.3 | CS16: 202356.63 | CT16: 55263.512 | CU16: 175222.62 | CV16: 169461.61 | CW16: 51307.433 | CX16: 116734.99 | CY16: 13125.299 | DA16: 83126.198 | DC16: 35056.573 | DD16: 26849.885 | DF16: 19508.893 | DH16: 44093.57 | DI16: 203966.39 | DK16: 197467.83 | DL16: 45539.376 | DN16: 35195.889 | DO16: 9766.609 | DP16: 27935.593 | DR16: 20468.103 | DS16: 20752.064 | DT16: 13467.275 | DV16: 128895.71 | DW16: 7222.8729 | DX16: 159653.29 | DY16: 9975.8835 | DZ16: 7726.5413 | EA16: 5926.25 | EC16: 17761.197 | ED16: 4065.3946 | EE16: 29556.155 | EF16: 13028.282 | EG16: 190859.38 | EH16: 29683.827 | EI16: 6076.8381 | EJ16: 11233.576 | EK16: 59956.588 | EL16: 75545.561 | EM16: 26997.807 | EN16: 31276.999 | EO16: 9141.7663 | EP16: 42289.131 | EQ16: 10451.761 | ER16: 3776.1552 | ES16: 4045.8165 | ET16: 15146.749 | EV16: 810.17677 | EW16: 21259.636 | EX16: 18699.463 | EY16: 22017.32 | EZ16: 18156.754 | FB16: 20344.414 | FC16: 8535.737 | FD16: 56940.677 | FE16: 3952.5268 | FF16: 37899.816 | FG16: 57515.288 | FH16: 6852.8964 | FI16: 58005.588 | FJ16: 32138.241 | FK16: 9097.55 | FL16: 168461.95 | FM16: 10017.445 | FN16: 14088.207 | FO16: 11485.054 | FP16: 6610.3009 | FR16: 87960.212 | FS16: 7101.3326 | FT16: 37799.219 | FU16: 19681.908 | FW16: 11220.437 | FX16: 36294.534 | FY16: 6806.0756 | GA16: 0 | GE16: 0 | GF16: 0 | GG16: 0
A17: 46148 | B17: 8.6882409e+09 | C17: 2.6259339e+09 | D17: 1.3238821e+09 | E17: 2.5706331e+09 | F17: 9.150707e+08 | G17: 1.587216e+08 | H17: 62021242 | I17: 93896960 | J17: 1.6885419e+08 | K17: 1.3642872e+08 | L17: 93439282 | M17: 1.1595349e+08 | N17: 26858212 | O17: 34326231 | P17: 19457999 | Q17: 34062873 | R17: 7421945.3 | S17: 13699504 | T17: 16841558 | U17: 12609410 | V17: 19677550 | W17: 21283931 | X17: 53758348 | Y17: 23286327 | Z17: 10494991 | AA17: 11130166 | AB17: 9056138.1 | AC17: 7132989.9 | AE17: 4952632.3 | AF17: 10749785 | AG17: 498432.53 | AH17: 5627254.3 | AI17: 2623133.3 | AJ17: 5001616.1 | AK17: 2775659.9 | AL17: 1835666.9 | AM17: 11414310 | AN17: 1984486.4 | AP17: 3610831.3 | AQ17: 3258243.6 | AR17: 4493939.6 | AS17: 1030090.8 | AT17: 1370070.4 | AU17: 1001548.1 | AV17: 1967893.8 | AW17: 1835369.5 | AX17: 673835.06 | AY17: 1355448.3 | AZ17: 1976967.6 | BA17: 591076.12 | BB17: 3972481.7 | BC17: 277604.21 | BD17: 428113.5 | BG17: 850418.96 | BH17: 994709.06 | BI17: 3074757.8 | BJ17: 949754.82 | BK17: 963941.21 | BL17: 191422.95 | BM17: 1982458.8 | BN17: 1183498.1 | BO17: 180411.75 | BP17: 3169479.5 | BQ17: 512898.97 | BR17: 251149.84 | BS17: 243602.92 | BT17: 260255.72 | BU17: 120788.9 | BV17: 838757.84 | BW17: 180503.14 | BX17: 107899.63 | BY17: 1121565 | BZ17: 310064.09 | CA17: 377451.96 | CB17: 395175.24 | CC17: 103556.6 | CD17: 485754.08 | CE17: 451220.38 | CF17: 474629.53 | CG17: 44632.896 | CI17: 344056.64 | CJ17: 128172.01 | CK17: 907308.23 | CN17: 20586.319 | CO17: 144727.23 | CP17: 959560.65 | CQ17: 847622.97 | CR17: 514251.87 | CS17: 152439.94 | CT17: 6866.6829 | CU17: 35164.825 | CV17: 229690.1 | CW17: 73411.171 | CX17: 94886.194 | CY17: 69125.926 | DA17: 100890.15 | DC17: 128046.65 | DD17: 33481.289 | DF17: 28725.544 | DH17: 63095.471 | DI17: 142280.95 | DK17: 156366.92 | DL17: 53972.591 | DN17: 39614.95 | DO17: 12093.027 | DP17: 14674.819 | DR17: 18083.724 | DS17: 19920.354 | DT17: 41673.488 | DV17: 164300.38 | DW17: 5335.3295 | DX17: 95442.417 | DY17: 19630.906 | DZ17: 13004.171 | EA17: 1194.566 | EC17: 47059.132 | ED17: 65305.903 | EE17: 112550.03 | EF17: 21150.971 | EG17: 181443.98 | EH17: 12222.541 | EI17: 16810.864 | EJ17: 13705.474 | EK17: 31367.453 | EL17: 51977.318 | EM17: 13068.328 | EN17: 31855.36 | EO17: 8521.0623 | EP17: 247406.97 | EQ17: 14861.198 | ER17: 4544.8479 | ES17: 6174.3733 | ET17: 10519.434 | EV17: 0 | EW17: 35171.424 | EX17: 20750.125 | EY17: 25262.795 | EZ17: 21172.393 | FB17: 70258.523 | FC17: 13693.679 | FD17: 30769.549 | FE17: 3772.727 | FF17: 50412.129 | FG17: 30798.991 | FH17: 23532.812 | FI17: 28763.556 | FJ17: 79184.671 | FK17: 16367.098 | FL17: 17065.265 | FM17: 11530.73 | FN17: 16287.049 | FO17: 6118.9388 | FP17: 7617.5707 | FR17: 18464.014 | FS17: 7489.6831 | FT17: 24977.258 | FU17: 11790.018 | FW17: 11396.829 | FX17: 10149.377 | FY17: 17179.663 | GA17: 0 | GE17: 0 | GF17: 0 | GG17: 0
A18: 46147 | B18: 5.5852181e+09 | C18: 1.749012e+09 | D18: 8.2131635e+08 | E18: 1.5517994e+09 | F18: 4.0302921e+08 | G18: 2.5661884e+08 | H18: 64519351 | I18: 62933879 | J18: 72559823 | K18: 66786342 | L18: 78913580 | M18: 1.2038537e+08 | N18: 35365946 | O18: 20231975 | P18: 31196790 | Q18: 33641225 | R18: 8355242.1 | S18: 8112912.7 | T18: 32680771 | U18: 17825875 | V18: 20325925 | W18: 14848999 | X18: 15822472 | Y18: 14050234 | Z18: 6677742.6 | AA18: 6401033.8 | AB18: 2937835.8 | AC18: 4697982.8 | AE18: 2172342.5 | AF18: 6525775.2 | AG18: 527372.95 | AH18: 4142699.7 | AI18: 349792.75 | AJ18: 1423732.8 | AK18: 2054325.8 | AL18: 1569032.9 | AM18: 4038597.2 | AN18: 2923909.5 | AP18: 48429.603 | AQ18: 2498930.6 | AR18: 3541390.3 | AS18: 1063213.3 | AT18: 1089735.2 | AU18: 876098.62 | AV18: 2385357 | AW18: 505885.27 | AX18: 450613.07 | AY18: 3072785.2 | AZ18: 2399139.4 | BA18: 1547837.9 | BB18: 152300.1 | BC18: 642882.39 | BD18: 424428.4 | BG18: 504632.88 | BH18: 1033963.2 | BJ18: 451206.44 | BK18: 211390.13 | BL18: 80066.675 | BM18: 4533916.1 | BN18: 999172.22 | BO18: 184194.73 | BP18: 609692.7 | BQ18: 565327.09 | BR18: 349241.98 | BS18: 209584.62 | BT18: 152292.25 | BU18: 113566.82 | BV18: 414486.68 | BW18: 76629.585 | BX18: 99644.295 | BY18: 621747.35 | BZ18: 135133.17 | CA18: 541154.91 | CB18: 39483.156 | CC18: 107923.42 | CD18: 87115.529 | CE18: 591593.21 | CF18: 632771.42 | CG18: 42113.323 | CI18: 235406.9 | CJ18: 135804.64 | CK18: 573906.66 | CN18: 18424.428 | CO18: 129105.43 | CP18: 229079.78 | CQ18: 598410.51 | CR18: 232296.41 | CS18: 110952.6 | CT18: 57413.992 | CU18: 26422.735 | CV18: 379550.4 | CW18: 45622.358 | CX18: 47679.392 | CY18: 12764.676 | DA18: 40704.963 | DC18: 57308.714 | DD18: 17586.588 | DF18: 21282.466 | DH18: 9374.2341 | DI18: 30337.466 | DK18: 77103.732 | DL18: 37522.257 | DN18: 18522.939 | DO18: 11507.805 | DP18: 11574.851 | DR18: 15540.536 | DS18: 16577.646 | DT18: 23972.397 | DV18: 9034.3907 | DW18: 5580.034 | DX18: 49469.495 | DY18: 10170.02 | DZ18: 11712.832 | EA18: 1127.2244 | EC18: 27491.666 | ED18: 39711.19 | EE18: 76151.009 | EF18: 20775.385 | EG18: 37921.11 | EH18: 11557.725 | EI18: 3112.6466 | EJ18: 6323.6328 | EK18: 16042.899 | EL18: 36738.295 | EM18: 5336.0284 | EN18: 22269.068 | EO18: 8253.7312 | EP18: 167658.28 | EQ18: 4350.9902 | ER18: 86086.973 | ES18: 5906.5245 | ET18: 20756.009 | EV18: 0 | EW18: 75448.301 | EX18: 26622.961 | EY18: 36296.381 | EZ18: 27748.351 | FB18: 14108.716 | FC18: 11391.663 | FD18: 4636.0128 | FE18: 7892.7523 | FF18: 10393.882 | FG18: 17873.476 | FH18: 6618.0331 | FI18: 13120.117 | FJ18: 9063.8086 | FK18: 30215.327 | FL18: 6533.9423 | FM18: 24434.111 | FN18: 28721.614 | FO18: 4885.4097 | FP18: 6603.9129 | FR18: 27497.112 | FS18: 9015.1628 | FT18: 4439.6757 | FU18: 12353.147 | FW18: 6858.453 | FX18: 4628.7004 | FY18: 23595.063 | GA18: 0 | GE18: 0 | GF18: 0 | GG18: 0
A19: 46146 | B19: 7.1559664e+09 | C19: 2.2187101e+09 | D19: 1.3878941e+09 | E19: 1.8213913e+09 | F19: 6.1845228e+08 | G19: 2.4285358e+08 | H19: 70763141 | I19: 39451237 | J19: 53840473 | K19: 93802343 | L19: 1.0466446e+08 | M19: 77588388 | N19: 33378295 | O19: 97395457 | P19: 35046722 | Q19: 30526015 | R19: 9179397.8 | S19: 9616841.1 | T19: 33388415 | U19: 17321005 | V19: 17733701 | W19: 16651488 | X19: 6028441.6 | Y19: 12940899 | Z19: 9048941.3 | AA19: 8505879.6 | AB19: 4290151.1 | AC19: 7771652.2 | AE19: 4689506.1 | AF19: 26382055 | AG19: 995193.42 | AH19: 5240011.5 | AI19: 691514.99 | AJ19: 2275093.4 | AK19: 1857881.9 | AL19: 1274238.6 | AM19: 1024918.2 | AN19: 2147506.6 | AP19: 44800.863 | AQ19: 1721115.3 | AR19: 1744032.8 | AS19: 498138.62 | AT19: 1802689.8 | AU19: 973638.72 | AV19: 1216595.4 | AW19: 897807.67 | AX19: 393983.08 | AY19: 1294609 | AZ19: 1119283.3 | BA19: 275195.5 | BB19: 342518.38 | BC19: 495436.85 | BD19: 488003.78 | BG19: 264980.42 | BH19: 984610.07 | BJ19: 891146.76 | BK19: 559559.12 | BL19: 307922.05 | BM19: 713160.88 | BN19: 863469.93 | BO19: 180708.74 | BP19: 865025.55 | BQ19: 1629621.2 | BR19: 375916 | BS19: 310268.63 | BT19: 183805.93 | BU19: 195851.55 | BV19: 467325.33 | BW19: 144214.09 | BX19: 280045.47 | BY19: 681125.52 | BZ19: 106128.47 | CA19: 309989.23 | CB19: 121953.92 | CC19: 222176.19 | CD19: 44698.025 | CE19: 564901.83 | CF19: 2105450.1 | CG19: 36145.796 | CI19: 60668.746 | CJ19: 185591.55 | CK19: 294534.05 | CN19: 17685.98 | CO19: 33107.592 | CP19: 230377.74 | CQ19: 367564.6 | CR19: 320147.8 | CS19: 214963.7 | CT19: 86425.037 | CU19: 35847.645 | CV19: 120795.9 | CW19: 52564.448 | CX19: 46075.566 | CY19: 17610.08 | DA19: 78860.012 | DC19: 51717.721 | DD19: 24424.059 | DF19: 33850.43 | DH19: 40644.723 | DI19: 180957.06 | DK19: 263231.3 | DL19: 44516.822 | DN19: 19599.098 | DO19: 10978.274 | DP19: 14724.736 | DR19: 14238.635 | DS19: 18018.208 | DT19: 21146.713 | DV19: 15947.54 | DW19: 9465.0513 | DX19: 38521.284 | DY19: 48003.106 | DZ19: 7984.7473 | EA19: 134.8488 | EC19: 30515.744 | ED19: 15848.099 | EE19: 92021.562 | EF19: 82869.185 | EG19: 116357.35 | EH19: 10984.419 | EI19: 5445.2058 | EJ19: 8768.0907 | EK19: 133810.38 | EL19: 57157.517 | EM19: 6033.7859 | EN19: 22652.901 | EO19: 7633.0046 | EP19: 26228.02 | EQ19: 82060.706 | ER19: 4830.9254 | ES19: 6519.9916 | ET19: 5643.8382 | EV19: 0 | EW19: 99241.831 | EX19: 41887.963 | EY19: 32026.305 | EZ19: 28414.468 | FB19: 8194.9672 | FC19: 28363.107 | FD19: 22207.629 | FE19: 4382.8254 | FF19: 60256.781 | FG19: 25693.21 | FH19: 20443.351 | FI19: 53480.969 | FJ19: 65131.834 | FK19: 20678.758 | FL19: 6143.5681 | FM19: 9592.8763 | FN19: 11185.656 | FO19: 5170.6378 | FP19: 54956.315 | FR19: 5705.6668 | FS19: 15070.562 | FT19: 27654.85 | FU19: 22994.637 | FW19: 17773.628 | FX19: 5257.4661 | FY19: 6807.2862 | GA19: 0 | GE19: 0 | GF19: 638.6101 | GG19: 0
A20: 46145 | B20: 1.4717266e+09 | C20: 3.6882704e+08 | D20: 2.7680069e+08 | E20: 5.2801439e+08 | F20: 1.5688593e+08 | G20: 9662004.7 | H20: 11995605 | I20: 5575639.8 | J20: 9041998.6 | K20: 14543913 | L20: 10171052 | M20: 8650537.6 | N20: 3054623.1 | O20: 3698862.9 | P20: 3463120.2 | Q20: 8436698.8 | R20: 2478908.9 | S20: 2132915.8 | T20: 1566853.4 | U20: 2648016.2 | V20: 4285683.7 | W20: 5057509.3 | X20: 1300202.7 | Y20: 238504.27 | Z20: 3583026.2 | AA20: 2340418.3 | AB20: 1956681.5 | AC20: 3606431.2 | AE20: 1559052.7 | AF20: 2000999.1 | AG20: 424283.64 | AH20: 325299.23 | AI20: 254509.93 | AJ20: 346585.3 | AK20: 807499.06 | AL20: 282370.74 | AM20: 7773064.8 | AN20: 33868.084 | AQ20: 1529569.7 | AR20: 139667.08 | AS20: 93612.41 | AT20: 653590.66 | AU20: 352549.38 | AV20: 309159.19 | AW20: 158493.27 | AX20: 165812.1 | AY20: 62827.079 | AZ20: 36683.218 | BA20: 108931.62 | BB20: 32490.104 | BC20: 453822.09 | BD20: 164524.27 | BG20: 166712.08 | BH20: 8980.7142 | BJ20: 122930.56 | BK20: 76966.312 | BL20: 35369.304 | BM20: 160970.86 | BN20: 34957.424 | BO20: 21461.113 | BP20: 10239.88 | BQ20: 98234.006 | BR20: 38818.74 | BS20: 54022.846 | BT20: 15939.92 | BU20: 197644.08 | BV20: 43162.279 | BW20: 27973.486 | BX20: 283147.17 | BY20: 46905.192 | BZ20: 74177.506 | CA20: 45200.528 | CB20: 2770.501 | CC20: 24846.985 | CD20: 4467.9573 | CE20: 14139.698 | CF20: 97752.955 | CG20: 26826.54 | CI20: 75349.258 | CJ20: 21147.074 | CK20: 31232.555 | CN20: 35538.628 | CO20: 30833.033 | CP20: 55575.623 | CQ20: 4664.9117 | CR20: 15679.887 | CS20: 6974.2756 | CT20: 3315.2395 | CU20: 23877.859 | CV20: 91867.331 | CW20: 39124.563 | CX20: 38437.623 | CY20: 9799.94 | DA20: 49600.51 | DC20: 24308.232 | DD20: 7780.0067 | DF20: 10391.416 | DH20: 47990.392 | DI20: 64032.957 | DK20: 84034.586 | DL20: 24442.178 | DN20: 18349.302 | DO20: 10797.514 | DP20: 36738.853 | DR20: 7821.3223 | DS20: 18663.456 | DT20: 16055.283 | DV20: 8757.7297 | DW20: 5086.2831 | DX20: 13282.655 | DY20: 12405.031 | DZ20: 8021.1634 | EA20: 1041.4546 | EC20: 8898.4704 | ED20: 5342.5481 | EE20: 45284.934 | EF20: 54603.109 | EG20: 15781.286 | EH20: 12479.276 | EI20: 2055.9477 | EJ20: 13067.9 | EK20: 52879.567 | EL20: 63311.721 | EM20: 5869.5208 | EN20: 64395.412 | EO20: 1827.4407 | EP20: 13347.312 | EQ20: 40918.434 | ER20: 4284.6769 | ES20: 4648.4452 | ET20: 3893.6258 | EV20: 0 | EW20: 23808.965 | EX20: 83231.305 | EY20: 85832.369 | EZ20: 9083.531 | FB20: 7967.2617 | FC20: 8374.798 | FD20: 26335.018 | FE20: 9019.123 | FF20: 17243.268 | FG20: 9798.243 | FH20: 5023.8812 | FI20: 24159.369 | FJ20: 10294.876 | FK20: 70181.07 | FL20: 9237.3974 | FM20: 7676.8041 | FN20: 9617.2514 | FO20: 11368.779 | FP20: 60087.671 | FR20: 5729.8109 | FS20: 13196.386 | FT20: 8904.2564 | FU20: 9002.867 | FW20: 4882.0027 | FX20: 4043.514 | FY20: 5467.518 | GA20: 0 | GE20: 1.243 | GF20: 0 | GG20: 0
A21: 46144 | B21: 3.4179133e+08 | C21: 98391215 | D21: 29185554 | E21: 1.0263896e+08 | F21: 30731950 | G21: 6586310.8 | H21: 3912369 | I21: 4116798 | J21: 6609030 | K21: 5852616.8 | L21: 6499548.5 | M21: 9753940 | N21: 5729204.3 | O21: 905744.07 | P21: 1102378.1 | Q21: 872439.4 | R21: 1404686 | S21: 1163546.7 | T21: 692454.6 | U21: 1518881.4 | V21: 1919618.9 | W21: 4246317.6 | X21: 742961.41 | Y21: 154882.67 | Z21: 2378821.7 | AA21: 1073892 | AB21: 1747477.3 | AC21: 2119290.8 | AE21: 456458.09 | AF21: 748554.08 | AG21: 636776.19 | AH21: 268887.01 | AI21: 739045.94 | AJ21: 151583.94 | AK21: 237014.99 | AL21: 133957.94 | AM21: 112792.16 | AN21: 103878.55 | AQ21: 513949.08 | AR21: 57268.18 | AS21: 225975.41 | AT21: 644579.09 | AU21: 120537.71 | AV21: 99384.28 | AW21: 142563.21 | AX21: 151458.21 | AY21: 161483.34 | AZ21: 27733.101 | BA21: 134322.81 | BB21: 7679.9958 | BC21: 169405.07 | BD21: 17768.576 | BG21: 9492.1597 | BH21: 11026.119 | BJ21: 109732.87 | BK21: 14884.064 | BL21: 13867.716 | BM21: 197350.62 | BN21: 30331.437 | BO21: 4814.9291 | BP21: 14452.154 | BQ21: 37912.876 | BR21: 58501.95 | BS21: 57085.946 | BT21: 10468.029 | BU21: 162062.25 | BV21: 49936.935 | BW21: 9609.1046 | BX21: 77816.956 | BY21: 25795.772 | BZ21: 38780.018 | CA21: 16039.168 | CB21: 22128.782 | CC21: 17731.884 | CD21: 3674.5948 | CE21: 20086.117 | CF21: 47234.013 | CG21: 26767.152 | CI21: 125743.97 | CJ21: 87778.338 | CK21: 91583.239 | CN21: 43446.318 | CO21: 18944.616 | CP21: 19667.549 | CQ21: 4566.9641 | CR21: 135923.87 | CS21: 7765.0647 | CT21: 4533.3208 | CU21: 8731.909 | CV21: 44748.751 | CW21: 17236.804 | CX21: 51147.837 | CY21: 10188.797 | DA21: 11502.652 | DC21: 47953.359 | DD21: 7945.6871 | DF21: 10373.862 | DH21: 26605.858 | DI21: 17587.146 | DK21: 328285.17 | DL21: 24479.746 | DN21: 19124.819 | DO21: 26849.806 | DP21: 89125.213 | DR21: 17694.132 | DS21: 18601.373 | DT21: 15293.338 | DV21: 23897.804 | DW21: 7909.5371 | DX21: 13288.493 | DY21: 14221.073 | DZ21: 10187.744 | EA21: 2068.3555 | EC21: 12304.137 | ED21: 4431.8709 | EE21: 27807.567 | EF21: 13761.451 | EG21: 16819.234 | EH21: 6780.7165 | EI21: 2078.0774 | EJ21: 8969.6054 | EK21: 37031.003 | EL21: 108986.37 | EM21: 39799.469 | EN21: 51689.613 | EO21: 2681.7848 | EP21: 119393.62 | EQ21: 35546.82 | ER21: 4481.2676 | ES21: 4613.5751 | ET21: 3977.3918 | EV21: 0 | EW21: 93154.442 | EX21: 53408.01 | EY21: 130974.92 | EZ21: 4752.8299 | FB21: 7597.2829 | FC21: 9497.424 | FD21: 70418.077 | FE21: 47883.739 | FF21: 26389.019 | FG21: 9104.246 | FH21: 5186.468 | FI21: 13341.067 | FJ21: 6204.4879 | FK21: 65902.183 | FL21: 8130.3725 | FM21: 17108.988 | FN21: 3749.4892 | FO21: 5477.5597 | FP21: 51718.717 | FR21: 6180.1346 | FS21: 21667.894 | FT21: 3536.7254 | FU21: 8529.743 | FW21: 4651.7567 | FX21: 4079.1207 | FY21: 4998.4567 | GA21: 0 | GE21: 0 | GF21: 0 | GG21: 0
A22: 46143 | B22: 6.0251813e+09 | C22: 2.030519e+09 | D22: 1.0734141e+09 | E22: 1.6898965e+09 | F22: 4.1412056e+08 | G22: 1.0423125e+08 | H22: 73001074 | I22: 25017405 | J22: 72115288 | K22: 87697047 | L22: 94236373 | M22: 57652345 | N22: 26339226 | O22: 9749898.4 | P22: 30669914 | Q22: 32791698 | R22: 19738702 | S22: 7727753.1 | T22: 10338025 | U22: 21622716 | V22: 28104275 | W22: 20972070 | X22: 3736321.4 | Y22: 6585701.4 | Z22: 11813883 | AA22: 10483555 | AB22: 3058117.7 | AC22: 7062679.1 | AE22: 3009151.2 | AF22: 5651412.5 | AG22: 469509.3 | AH22: 3573143 | AI22: 614469.94 | AJ22: 1516358.2 | AK22: 2291008.8 | AL22: 929869.31 | AM22: 806246.58 | AN22: 3268283.6 | AQ22: 1661429.6 | AR22: 2727568.3 | AS22: 374774.29 | AT22: 438824.13 | AU22: 720751.2 | AV22: 1651592 | AW22: 955130.58 | AX22: 528939.31 | AY22: 1700014.7 | AZ22: 1374190.9 | BA22: 131270.96 | BB22: 436355.46 | BC22: 208390.02 | BD22: 1643592.1 | BG22: 148784.46 | BH22: 407884.36 | BJ22: 879921.99 | BK22: 331222.94 | BL22: 113890.47 | BM22: 588082.66 | BN22: 734338.42 | BO22: 95557.213 | BP22: 473983.77 | BQ22: 684947.13 | BR22: 341493.14 | BS22: 537612.48 | BT22: 176091.08 | BU22: 709883.59 | BV22: 1144231.5 | BW22: 669309.18 | BX22: 82466.415 | BY22: 569897.86 | BZ22: 164265.5 | CA22: 384947.21 | CB22: 189020.43 | CC22: 45978.103 | CD22: 37322.336 | CE22: 223264.08 | CF22: 2089852.2 | CG22: 29114.357 | CI22: 40383.118 | CJ22: 109353.83 | CK22: 394865.13 | CN22: 33474.795 | CO22: 104337.55 | CP22: 250892.46 | CQ22: 261756.84 | CR22: 165340.91 | CS22: 327813.73 | CT22: 54360.552 | CU22: 42306.536 | CV22: 201812.56 | CW22: 55514.698 | CX22: 66777.712 | CY22: 9508.719 | DA22: 24154.574 | DC22: 48057.665 | DD22: 37013.505 | DF22: 22882.5 | DH22: 54203.519 | DI22: 18650.232 | DK22: 16920.331 | DL22: 23355.031 | DN22: 19218.373 | DO22: 83632.098 | DP22: 13206.53 | DR22: 32818.607 | DS22: 19224.929 | DT22: 18804.808 | DV22: 11557.404 | DW22: 3567.8325 | DX22: 68042.877 | DY22: 9470.536 | DZ22: 8621.0396 | EA22: 0 | EC22: 10203.853 | ED22: 15859.227 | EE22: 107641.44 | EF22: 11884.793 | EG22: 16271.495 | EH22: 5441.6596 | EI22: 8669.4556 | EJ22: 3706.9855 | EK22: 24923.046 | EL22: 17167.846 | EM22: 9051.8007 | EN22: 81891.817 | EO22: 27860.772 | EP22: 12258.076 | EQ22: 54715.473 | ER22: 6927.2419 | ES22: 4595.2252 | ET22: 6628.1725 | EV22: 6983.7293 | EW22: 53656.497 | EX22: 96510.409 | EY22: 28568.485 | EZ22: 119173.4 | FB22: 11464.245 | FC22: 8496.014 | FD22: 90631.144 | FE22: 85289.899 | FF22: 12427.608 | FG22: 9040.947 | FH22: 5112.953 | FI22: 39219.878 | FJ22: 12720.596 | FK22: 19682.113 | FL22: 5137.778 | FM22: 78207.897 | FN22: 4391.9422 | FO22: 34082.5 | FP22: 19069.378 | FR22: 11541.169 | FS22: 68503.511 | FT22: 14687.95 | FU22: 18735.166 | FW22: 5218.8069 | FX22: 5364.5574 | FY22: 8069.642 | GA22: 0 | GE22: 0 | GF22: 641.9814 | GG22: 0
A23: 46142 | B23: 6.8743636e+09 | C23: 2.225093e+09 | D23: 1.1193302e+09 | E23: 2.1561317e+09 | F23: 4.8123838e+08 | G23: 82337425 | H23: 61770117 | I23: 25811215 | J23: 67076968 | K23: 1.0249448e+08 | L23: 54237107 | M23: 89457252 | N23: 17198676 | O23: 15109537 | P23: 29590417 | Q23: 33702973 | R23: 37951513 | S23: 9376824.2 | T23: 13475828 | U23: 47965491 | V23: 52935849 | W23: 14790372 | X23: 4832447.1 | Y23: 7651343.9 | Z23: 27491989 | AA23: 20731644 | AB23: 4398712.7 | AC23: 6142733.4 | AE23: 4402607.3 | AF23: 7745986.4 | AG23: 448744.3 | AH23: 2770578.1 | AI23: 539761.75 | AJ23: 1869535.8 | AK23: 3226628.7 | AL23: 1560273.8 | AM23: 3641674.1 | AN23: 1779283.6 | AQ23: 3201281.5 | AR23: 2894124.7 | AS23: 483201.28 | AT23: 568692.44 | AU23: 621002.13 | AV23: 1327359.3 | AW23: 2526305.4 | AX23: 519759.63 | AY23: 2809517.5 | AZ23: 1740351.2 | BA23: 133568.87 | BB23: 294644.47 | BC23: 290442.57 | BD23: 1691116.2 | BG23: 489687.88 | BH23: 384607.75 | BJ23: 807349.51 | BK23: 449516.58 | BL23: 142186.63 | BM23: 916134.52 | BN23: 829137.64 | BO23: 86830.133 | BP23: 536484.6 | BQ23: 1046818.5 | BR23: 168884.76 | BS23: 1810329.3 | BT23: 374489.65 | BU23: 406714.71 | BV23: 854184.85 | BW23: 247304.78 | BX23: 146164.55 | BY23: 591053.91 | BZ23: 205403.41 | CA23: 755296.48 | CB23: 646580.01 | CC23: 827207.83 | CD23: 131240.37 | CE23: 287688.43 | CF23: 19627.682 | CG23: 32938.433 | CI23: 114724.1 | CJ23: 87095.087 | CK23: 429780.51 | CN23: 21534.827 | CO23: 212217.05 | CP23: 336585.49 | CQ23: 708964.99 | CR23: 180230.88 | CS23: 1739119.4 | CT23: 56060.961 | CU23: 15202.076 | CV23: 83742.364 | CW23: 95844.449 | CX23: 80877.907 | CY23: 12405.247 | DA23: 72449.414 | DC23: 60626.465 | DD23: 22299.011 | DF23: 23312.868 | DH23: 48096.016 | DI23: 62482.731 | DK23: 171509.26 | DL23: 23288.723 | DN23: 25132.533 | DO23: 35403.594 | DP23: 18546.866 | DR23: 21396.07 | DS23: 19329.871 | DT23: 20929.14 | DV23: 23340.995 | DW23: 13407.045 | DX23: 17041.508 | DY23: 15291.79 | DZ23: 20454.926 | EA23: 0 | EC23: 49237.616 | ED23: 15384.245 | EE23: 53591.017 | EF23: 13044.973 | EG23: 25922.985 | EH23: 14155.859 | EI23: 15379.227 | EJ23: 6093.2328 | EK23: 20890.744 | EL23: 11963.096 | EM23: 4991.0019 | EN23: 28328.13 | EO23: 2916.077 | EP23: 13489.702 | EQ23: 18316.79 | ER23: 4335.1874 | ES23: 10174.192 | ET23: 6973.5124 | EV23: 0 | EW23: 27296.647 | EX23: 62484.789 | EY23: 39545.863 | EZ23: 16760.881 | FB23: 6667.1339 | FC23: 27237.367 | FD23: 11539.831 | FE23: 8377.4056 | FF23: 38634.674 | FG23: 8890.579 | FH23: 16209.662 | FI23: 15999.357 | FJ23: 15860.77 | FK23: 9989.731 | FL23: 12990.072 | FM23: 63772.914 | FN23: 5623.037 | FO23: 31388.095 | FP23: 6775.5901 | FR23: 12619.551 | FS23: 68642.869 | FT23: 2694.0717 | FU23: 8282.868 | FW23: 15521.509 | FX23: 6293.6669 | FY23: 13248.839 | GA23: 0 | GE23: 0 | GF23: 1914.638 | GG23: 0
A24: 46141 | B24: 6.7854511e+09 | C24: 2.514598e+09 | D24: 1.2615466e+09 | E24: 1.6628611e+09 | F24: 4.614335e+08 | G24: 1.1366052e+08 | H24: 52812696 | I24: 22418966 | J24: 31755922 | K24: 75086686 | L24: 56842466 | M24: 1.0972373e+08 | N24: 31880676 | O24: 12780069 | P24: 58818608 | Q24: 28671915 | R24: 6475536.1 | S24: 11673566 | T24: 12133814 | U24: 53310569 | V24: 45575452 | W24: 17005478 | X24: 5130165.4 | Y24: 8115985.8 | Z24: 27578701 | AA24: 32408236 | AB24: 3932580.3 | AC24: 5539801.3 | AE24: 2852457.1 | AF24: 7776273 | AG24: 938017.53 | AH24: 4386265.7 | AI24: 918735.45 | AJ24: 1961859.3 | AK24: 1364569.2 | AL24: 1382082.7 | AM24: 1163999.3 | AN24: 2215140.3 | AQ24: 3284866.6 | AR24: 1561694.5 | AS24: 588727.33 | AT24: 848963.29 | AU24: 701896.69 | AV24: 2044478.3 | AW24: 1080077.2 | AX24: 564511.73 | AY24: 2589175.3 | AZ24: 1957403.1 | BA24: 247552.04 | BB24: 325701.12 | BC24: 1214231.8 | BD24: 337146.23 | BG24: 232645.51 | BH24: 334129.71 | BJ24: 550371.6 | BK24: 351098.28 | BL24: 355321.3 | BM24: 2110489.6 | BN24: 882767.4 | BO24: 97068.803 | BP24: 607503.72 | BQ24: 541425.19 | BR24: 701440.8 | BS24: 265558.91 | BT24: 294995.26 | BU24: 277626.05 | BV24: 831003.5 | BW24: 111308.65 | BX24: 303976.72 | BY24: 404415.3 | BZ24: 217607.25 | CA24: 1596412 | CB24: 55161.662 | CC24: 135415.03 | CD24: 112416.61 | CE24: 91300.079 | CF24: 133493.43 | CG24: 56571.803 | CI24: 2329749.9 | CJ24: 97022.457 | CK24: 285522.05 | CN24: 45316.058 | CO24: 185262.71 | CP24: 152032.24 | CQ24: 394266.76 | CR24: 249761.84 | CS24: 2062288.8 | CT24: 85542.66 | CU24: 35424.787 | CV24: 115416.16 | CW24: 39248.361 | CX24: 175478.91 | CY24: 22163.864 | DA24: 36635.282 | DC24: 64540.809 | DD24: 31305.124 | DF24: 15623.071 | DH24: 97996.733 | DI24: 45202.798 | DK24: 39053.4 | DL24: 23302.887 | DN24: 18149.413 | DO24: 10519.299 | DP24: 14200.679 | DR24: 78515.061 | DS24: 23828.455 | DT24: 15564.859 | DV24: 17287.669 | DW24: 24100.809 | DX24: 17305.728 | DY24: 24755.581 | DZ24: 25118.684 | EA24: 0 | EC24: 9868.1186 | ED24: 15581.343 | EE24: 35550.561 | EF24: 37131.878 | EG24: 29191.021 | EH24: 7258.7158 | EI24: 4209.6471 | EJ24: 7852.5628 | EK24: 12899.749 | EL24: 29840.896 | EM24: 6235.4688 | EN24: 36113.993 | EO24: 24257.35 | EP24: 20472.851 | EQ24: 43748.862 | ER24: 4581.8972 | ES24: 9708.7796 | ET24: 3960.1345 | EV24: 2503.2132 | EW24: 34575.865 | EX24: 27923.867 | EY24: 34420.942 | EZ24: 37378.983 | FB24: 28333.431 | FC24: 12819.595 | FD24: 11413.918 | FE24: 5141.6683 | FF24: 7539.304 | FG24: 8731.944 | FH24: 9884.9023 | FI24: 50530.805 | FJ24: 22323.588 | FK24: 35542.656 | FL24: 21109.082 | FM24: 8839.7947 | FN24: 12391.21 | FO24: 5102.7221 | FP24: 6570.7014 | FR24: 6361.1439 | FS24: 17326.575 | FT24: 4800.8801 | FU24: 14404.255 | FW24: 44719.634 | FX24: 3270.4853 | FY24: 12223.827 | GA24: 0 | GE24: 0 | GF24: 156 | GG24: 0
A25: 46140 | B25: 7.6136442e+09 | C25: 2.918601e+09 | D25: 2.0030901e+09 | E25: 1.5673288e+09 | F25: 2.8448686e+08 | G25: 1.041345e+08 | H25: 71272814 | I25: 19017278 | J25: 26486015 | K25: 1.6484566e+08 | L25: 64533866 | M25: 57697359 | N25: 33601000 | O25: 15061187 | P25: 55890314 | Q25: 27019450 | R25: 10073241 | S25: 14225542 | T25: 18093450 | U25: 14874419 | V25: 18621182 | W25: 14584176 | X25: 4660413.6 | Y25: 8959243.5 | Z25: 8972717.5 | AA25: 7130104.1 | AB25: 9873369.6 | AC25: 5101377.9 | AE25: 4318192.2 | AF25: 10856767 | AG25: 793861 | AH25: 7627679.2 | AI25: 384492.85 | AJ25: 3992992.4 | AK25: 967333.4 | AL25: 1653027.1 | AM25: 1158633.5 | AN25: 764700.39 | AQ25: 2128832.8 | AR25: 947737.08 | AS25: 918639.62 | AT25: 799109.74 | AU25: 937116.33 | AV25: 1557379.6 | AW25: 872186.21 | AX25: 299884.68 | AY25: 531413.86 | AZ25: 560257.58 | BA25: 431346.7 | BB25: 256322.71 | BC25: 610977.4 | BD25: 797381.15 | BG25: 530865.2 | BH25: 256431.16 | BJ25: 359111.65 | BK25: 383604.38 | BL25: 400297.59 | BM25: 1651919.9 | BN25: 1569894.7 | BO25: 118474.29 | BP25: 736512.02 | BQ25: 798333.51 | BR25: 705814.44 | BS25: 159160.32 | BT25: 449994.3 | BU25: 362988.74 | BV25: 410489.54 | BW25: 119537.11 | BX25: 119525.85 | BY25: 772490.14 | BZ25: 328397.36 | CA25: 1651339.1 | CB25: 49729.461 | CC25: 111898.7 | CD25: 51641.679 | CE25: 184523.52 | CF25: 92374.474 | CG25: 100674.25 | CI25: 4497478.1 | CJ25: 134614.48 | CK25: 491008.65 | CN25: 27757.842 | CO25: 247110.24 | CP25: 398211.65 | CQ25: 975385.64 | CR25: 119321.15 | CS25: 297730.98 | CT25: 34752.497 | CU25: 42751.377 | CV25: 33613.51 | CW25: 45912.428 | CX25: 80315.011 | CY25: 14682.59 | DA25: 58859.253 | DC25: 31458.498 | DD25: 28316.064 | DF25: 33399.143 | DH25: 103914.74 | DI25: 40163.927 | DK25: 35076.521 | DL25: 51449.33 | DN25: 18053.134 | DO25: 19284.518 | DP25: 45097.207 | DR25: 57526.435 | DS25: 16602.576 | DT25: 16428.234 | DV25: 6779.8959 | DW25: 20272.705 | DY25: 13439.923 | DZ25: 15207.039 | EA25: 0 | EC25: 13683.367 | ED25: 39134.009 | EE25: 74174.626 | EF25: 18955.209 | EG25: 20529.977 | EH25: 19296.377 | EI25: 3678.5859 | EJ25: 2911.6436 | EK25: 26920.328 | EL25: 17898.076 | EM25: 10745.349 | EN25: 72279.006 | EO25: 9135.2653 | EP25: 10555.011 | EQ25: 41019.057 | ER25: 4524.7649 | ES25: 4520.3179 | ET25: 12312.929 | EV25: 6726.5549 | EW25: 19450.145 | EX25: 46469.527 | EY25: 35764.721 | EZ25: 15225.87 | FB25: 20060.48 | FC25: 10678.405 | FD25: 14997.504 | FE25: 15987.846 | FF25: 8192.71 | FG25: 10200.841 | FH25: 10441.165 | FJ25: 34382.557 | FK25: 7797.065 | FM25: 6494.5955 | FN25: 3688.7403 | FO25: 4714.7431 | FP25: 6843.8898 | FR25: 9823.0564 | FS25: 5306.9133 | FT25: 4428.1343 | FW25: 11446.265 | GA25: 3123.7684 | GE25: 0 | GF25: 0 | GG25: 0
A26: 46139 | B26: 3.6053501e+09 | C26: 1.2797341e+09 | D26: 8.5352864e+08 | E26: 6.5226756e+08 | F26: 1.6228517e+08 | G26: 96102981 | H26: 77052488 | I26: 20155990 | J26: 22204372 | K26: 64917114 | L26: 69031298 | M26: 86790434 | N26: 22397152 | O26: 10818066 | P26: 21280331 | Q26: 13565263 | R26: 7195026.4 | S26: 8190693 | T26: 10455740 | U26: 14675508 | V26: 16964472 | W26: 10994534 | X26: 6547967.6 | Y26: 3566988.7 | Z26: 6410665.7 | AA26: 10609678 | AB26: 3782630.3 | AC26: 7217450.7 | AE26: 2753325.7 | AF26: 14964212 | AG26: 1003682.7 | AH26: 1889242.1 | AI26: 323571.22 | AJ26: 1878780.2 | AK26: 1566222.2 | AL26: 1966581.5 | AM26: 992995.36 | AN26: 839255.22 | AQ26: 2060532.7 | AR26: 923805 | AS26: 490539.19 | AT26: 1182239.4 | AU26: 642847.49 | AV26: 946526.59 | AW26: 627233.99 | AX26: 502488.97 | AY26: 1299099.6 | AZ26: 567771.73 | BA26: 441797.16 | BB26: 286972.45 | BC26: 417387.19 | BD26: 309251.82 | BG26: 259289.43 | BK26: 100478.32 | BL26: 271261.72 | BM26: 160164.34 | BN26: 305235.48 | BO26: 98408.25 | BP26: 348890.59 | BQ26: 239308.74 | BR26: 309411.38 | BS26: 260510.32 | BT26: 223785.76 | BU26: 227867.28 | BV26: 469354.7 | BW26: 102646.3 | BX26: 153246.22 | BY26: 479733.1 | BZ26: 148073.52 | CA26: 215237.53 | CB26: 31447.486 | CC26: 552242.2 | CD26: 79073.462 | CE26: 121146.58 | CF26: 154172.25 | CG26: 30573.819 | CI26: 401317.43 | CJ26: 204920.44 | CN26: 28449.514 | CO26: 59972.611 | CQ26: 257503.21 | CT26: 9340.4126 | CU26: 60430.976 | CV26: 159559.62 | CW26: 16841.325 | CX26: 131515.04 | CY26: 16413.111 | DA26: 22832.061 | DC26: 39524.901 | DD26: 26839.569 | DF26: 11659.271 | DH26: 63380.544 | DI26: 68346.633 | DK26: 22283.179 | DL26: 30563.959 | DN26: 18955.468 | DO26: 11581.802 | DP26: 17876.533 | DR26: 23861.065 | DS26: 33611.217 | DT26: 16171.555 | DW26: 15366.665 | DY26: 31320.059 | DZ26: 26147.384 | EA26: 10810.337 | EC26: 18470.177 | ED26: 26157.993 | EE26: 24170.761 | EF26: 10058.693 | EG26: 17124.904 | EH26: 9030.9616 | EI26: 7246.3905 | EJ26: 8598.0611 | EK26: 11874.968 | EL26: 8878.2937 | EM26: 12591.933 | EN26: 31641.284 | EO26: 15364.239 | EQ26: 113846.6 | ER26: 4359.6024 | ES26: 5604.7223 | ET26: 9556.9834 | EV26: 0 | EX26: 19346.179 | EZ26: 7339.2879 | FC26: 24614.64 | FD26: 15174.46 | FE26: 3110.4669 | FF26: 7945.294 | FG26: 10788.505 | FH26: 13061.998 | FJ26: 11289.393 | FM26: 7536.9631 | FN26: 6198.6366 | FO26: 4720.8145 | FP26: 5555.0645 | FS26: 4030.5775 | FT26: 74019.405 | GA26: 3132.4728 | GE26: 0 | GF26: 0 | GG26: 0
A27: 46138 | B27: 1.0782932e+09 | C27: 4.52945e+08 | D27: 2.3880367e+08 | E27: 2.1961169e+08 | F27: 64731203 | G27: 11994788 | H27: 8427546.7 | I27: 1699749.6 | J27: 945082.96 | K27: 8128459.2 | L27: 14923423 | M27: 6544577.6 | N27: 2542320.2 | O27: 2208093.3 | P27: 1975351.1 | Q27: 2437401.8 | R27: 1347886.7 | S27: 2024098.3 | T27: 1701926.9 | U27: 3170264.8 | V27: 1466122.5 | W27: 4922175.1 | X27: 1078706.5 | Y27: 109318.5 | Z27: 1623984.9 | AA27: 1357170.3 | AB27: 3055305.5 | AC27: 2711693.2 | AE27: 367435.78 | AF27: 6603962.9 | AG27: 414593.62 | AH27: 265139.47 | AI27: 298280.1 | AJ27: 693082.01 | AK27: 351368.01 | AL27: 170950.67 | AM27: 63571.724 | AN27: 6921.5011 | AQ27: 363950.72 | AR27: 19099.627 | AS27: 148297.75 | AT27: 886813.89 | AU27: 73962.538 | AV27: 131241.36 | AW27: 326169.45 | AX27: 123059.48 | AY27: 6655.3279 | AZ27: 42298.547 | BA27: 326445.6 | BB27: 2879.5879 | BC27: 82821.143 | BD27: 45511.316 | BG27: 26468.994 | BK27: 13331.001 | BL27: 2851.5354 | BM27: 110694.98 | BN27: 43241.621 | BO27: 6295.1003 | BP27: 374892.18 | BQ27: 9195.0589 | BR27: 30687.563 | BS27: 54508.872 | BT27: 12139.822 | BU27: 263885.72 | BV27: 52622.721 | BW27: 5180.414 | BX27: 186853.87 | BY27: 288997.73 | BZ27: 16116.298 | CA27: 39559.436 | CB27: 5795.8414 | CC27: 1589398.3 | CD27: 15291.528 | CE27: 3834.0966 | CF27: 10681.63 | CG27: 30014.018 | CI27: 46702.935 | CJ27: 8837.9828 | CN27: 47882.045 | CO27: 16393.81 | CQ27: 69899.657 | CT27: 2290.061 | CU27: 31580.018 | CV27: 33413.945 | CW27: 368.918 | CX27: 43641.132 | DA27: 12393.043 | DC27: 16294.932 | DD27: 10336.163 | DF27: 11078.025 | DH27: 9023.5 | DI27: 29753.755 | DK27: 16017.636 | DL27: 34354.421 | DN27: 18038.561 | DP27: 19371.49 | DR27: 8454.8685 | DS27: 58285.151 | DT27: 15196.505 | DW27: 3680.1457 | DY27: 14098.231 | DZ27: 5130.2542 | EA27: 1302 | EC27: 12204.704 | ED27: 7442.0388 | EE27: 12405.993 | EF27: 9013.4705 | EG27: 16265.261 | EH27: 3900.6352 | EI27: 2130.7628 | EJ27: 8433.7208 | EK27: 3433.6416 | EL27: 6073.6023 | EM27: 5093.3768 | EN27: 21690.683 | EO27: 3400.9735 | EQ27: 11551.569 | ER27: 14862.385 | ES27: 4878.2832 | ET27: 4061.8632 | EV27: 0 | EX27: 5171.676 | EZ27: 5909.067 | FC27: 12045.733 | FD27: 7886.1582 | FE27: 3103.9924 | FF27: 5142.101 | FG27: 299.748 | FH27: 6086.4764 | FM27: 8741.3041 | FN27: 8703.4123 | FO27: 5423.4462 | GA27: 0 | GE27: 0 | GF27: 0 | GG27: 0
A28: 46137 | B28: 4.713345e+08 | C28: 1.3826738e+08 | D28: 23633727 | E28: 1.8257056e+08 | F28: 40245563 | G28: 5679119.1 | H28: 11389399 | I28: 1330581.2 | J28: 1181710.5 | K28: 7240094.9 | L28: 6772571.7 | M28: 4972648 | N28: 1618422.2 | O28: 1415057.4 | P28: 1726767.7 | Q28: 4676316.3 | R28: 2106754.1 | S28: 2136391.9 | T28: 1325732.1 | U28: 2370891.6 | V28: 1122449.8 | W28: 5135154.6 | X28: 1115870.2 | Y28: 112659.76 | Z28: 1296477.5 | AA28: 1283395.8 | AB28: 684001.24 | AC28: 1878013.7 | AE28: 2908709.4 | AF28: 2208986 | AG28: 520582.95 | AH28: 363952.56 | AI28: 2091561.9 | AJ28: 295329.63 | AK28: 184590.75 | AL28: 149498.89 | AM28: 1881287.9 | AN28: 39501.79 | AQ28: 1619926.4 | AR28: 67253.191 | AS28: 335494.5 | AT28: 1303169.9 | AU28: 299771.96 | AV28: 120908.82 | AW28: 210598.3 | AX28: 182914.77 | AY28: 6798.5696 | AZ28: 75365.438 | BA28: 387503.41 | BB28: 13703.479 | BC28: 163131.25 | BD28: 14465.972 | BG28: 27780.565 | BK28: 11641.626 | BL28: 2999.2833 | BM28: 153120.68 | BN28: 58501.035 | BO28: 8368.925 | BP28: 39491.636 | BQ28: 15937.705 | BR28: 20205.143 | BS28: 40021.249 | BT28: 6919.5564 | BU28: 221643.38 | BV28: 96777.18 | BW28: 19015.469 | BX28: 230394.16 | BY28: 7319.0192 | BZ28: 20187.013 | CA28: 13331.797 | CB28: 11431.527 | CC28: 529626.5 | CD28: 7218.3722 | CE28: 6703.955 | CF28: 4642.7076 | CG28: 72982.862 | CI28: 136823.21 | CJ28: 7588.8108 | CN28: 35604.294 | CO28: 15288.603 | CQ28: 6169.3281 | CT28: 3256.3528 | CU28: 7682.707 | CV28: 44114.473 | CW28: 68.738 | CX28: 119262.25 | DA28: 14048.286 | DC28: 17675.089 | DD28: 6372.0993 | DF28: 12130.483 | DH28: 9306.1107 | DI28: 19076.259 | DK28: 15801.895 | DL28: 22144.246 | DN28: 18011.188 | DP28: 11534.634 | DR28: 16333.237 | DS28: 23943.964 | DT28: 17993.287 | DW28: 4525.3802 | DY28: 8597.4485 | DZ28: 5419.9154 | EA28: 9.9659 | EC28: 9420.1023 | ED28: 7757.6985 | EE28: 14470.327 | EF28: 9107.2071 | EG28: 16409.034 | EH28: 3221.9813 | EI28: 2431.661 | EJ28: 28850.808 | EK28: 3470.2743 | EL28: 31561.807 | EM28: 8355.9991 | EN28: 24844.581 | EO28: 48628.502 | EQ28: 12844.987 | ER28: 8383.5431 | ES28: 4456.7509 | ET28: 4377.6925 | EV28: 0 | EX28: 914.219 | EZ28: 12205.564 | FC28: 16577.767 | FD28: 10248.173 | FE28: 3165.4241 | FF28: 47056.557 | FG28: 545.835 | FH28: 15318.757 | FM28: 16854.394 | FN28: 10486.379 | FO28: 4741.0699 | GA28: 21.656 | GE28: 0 | GF28: 0 | GG28: 0
A29: 46136 | B29: 5.1550903e+09 | C29: 1.7614728e+09 | D29: 1.2511653e+09 | E29: 1.1662396e+09 | F29: 2.8580962e+08 | G29: 64255472 | H29: 86509029 | I29: 18152554 | J29: 26945085 | K29: 64069995 | L29: 51130805 | M29: 1.4872067e+08 | N29: 19972141 | O29: 12636887 | P29: 25759733 | Q29: 15969348 | R29: 6332881.7 | S29: 14743033 | T29: 8873814.5 | U29: 12337671 | V29: 12292093 | W29: 13474426 | X29: 6504812.5 | Y29: 5594049.7 | Z29: 6078227.8 | AA29: 6946027.2 | AB29: 3334065.5 | AC29: 5071689.5 | AE29: 5484332.1 | AF29: 7987789.2 | AG29: 1580684.3 | AH29: 2860877.2 | AI29: 1353310.2 | AJ29: 2967547.4 | AK29: 1572877 | AL29: 3115541.1 | AM29: 1984779.3 | AN29: 1194912.4 | AQ29: 3381712.3 | AR29: 934742.57 | AS29: 337183.9 | AT29: 1021179.1 | AU29: 1249682.8 | AV29: 947307.28 | AW29: 597489.5 | AX29: 343639.37 | AY29: 812409.93 | AZ29: 1813345.3 | BA29: 384748.45 | BB29: 223720.33 | BC29: 255740.79 | BD29: 704212.25 | BG29: 445321.89 | BK29: 240892.52 | BL29: 867012.89 | BM29: 71017.685 | BN29: 1031866 | BO29: 84977.35 | BP29: 403920.5 | BQ29: 400354.24 | BR29: 161934.77 | BS29: 465026.45 | BT29: 228656.49 | BU29: 423722.41 | BV29: 869121.28 | BW29: 137474.75 | BX29: 430894.41 | BY29: 477804.13 | BZ29: 248415.8 | CA29: 151593.92 | CB29: 92328.711 | CC29: 938608.94 | CD29: 221453.21 | CE29: 428685.07 | CF29: 20331.988 | CG29: 46616.286 | CI29: 565712.12 | CJ29: 16480.875 | CN29: 22249.664 | CO29: 188606.16 | CQ29: 182326.94 | CT29: 10648.995 | CU29: 14382.705 | CV29: 82817.406 | CW29: 8529.011 | CX29: 250425.66 | DA29: 17403.702 | DC29: 20856.403 | DD29: 8147.6152 | DF29: 12182.336 | DH29: 50410.444 | DI29: 24087.853 | DK29: 29922.213 | DL29: 83949.825 | DN29: 18521.704 | DP29: 17104.787 | DR29: 33937.777 | DS29: 17857.743 | DT29: 19033 | DW29: 278953.61 | DY29: 9030.7752 | DZ29: 32771.839 | EA29: 9.9774 | EC29: 53293.945 | ED29: 11415.772 | EE29: 80264.249 | EF29: 9920.0195 | EG29: 16105.494 | EH29: 20056.169 | EI29: 11832.422 | EJ29: 34704.488 | EK29: 22612.746 | EL29: 25475.256 | EM29: 6227.7841 | EN29: 31250.146 | EO29: 5556.9909 | EQ29: 13587.143 | ER29: 13867.302 | ES29: 5722.9118 | ET29: 3975.6499 | EV29: 3137.7791 | EX29: 3990.96 | EZ29: 11112.536 | FC29: 16161.294 | FD29: 6619.9235 | FE29: 7915.9855 | FF29: 90487.57 | FG29: 6593.706 | FH29: 11915.926 | FM29: 25965.47 | FN29: 129668.81 | FO29: 4859.8144 | GA29: 21.60944 | GE29: 0 | GF29: 0 | GG29: 0
A30: 46135 | B30: 7.1853368e+09 | C30: 2.6876283e+09 | D30: 1.7367088e+09 | E30: 1.576758e+09 | F30: 3.609934e+08 | G30: 76522563 | H30: 2.0970549e+08 | I30: 12593844 | J30: 18889216 | K30: 40537826 | L30: 94710136 | M30: 82174759 | N30: 22299643 | O30: 24125211 | P30: 41223537 | Q30: 29585147 | R30: 8446399.6 | S30: 14105558 | T30: 17538414 | U30: 9778562.6 | V30: 9554895.5 | W30: 19268390 | X30: 4343924.6 | Y30: 7722211.4 | Z30: 6994789.9 | AA30: 10882717 | AB30: 5086689.7 | AC30: 6697668 | AE30: 6261241.1 | AF30: 5449160 | AG30: 798540.86 | AH30: 4104417.6 | AI30: 784217.83 | AJ30: 1545637.3 | AK30: 1619902.8 | AL30: 2839294.5 | AM30: 1364238.4 | AN30: 1164743.9 | AQ30: 1941215.9 | AR30: 980202.51 | AS30: 783347.79 | AT30: 1485849.2 | AU30: 1211945.5 | AV30: 1395537.5 | AW30: 847818.97 | AX30: 424108.96 | AY30: 962479.77 | AZ30: 603588.47 | BA30: 259578.76 | BB30: 730653.49 | BC30: 316122.6 | BD30: 369539.52 | BG30: 301360.8 | BK30: 370795.57 | BL30: 187573.35 | BM30: 205857.66 | BN30: 994114.53 | BO30: 138694.38 | BP30: 440789.5 | BQ30: 399803.26 | BR30: 138537.42 | BS30: 113791.69 | BT30: 215690.67 | BU30: 528823.66 | BV30: 1171600.3 | BW30: 329036.68 | BX30: 1307745.7 | BY30: 292580.96 | BZ30: 217649.64 | CA30: 297442.18 | CB30: 100651.89 | CC30: 159833.04 | CD30: 128644.29 | CE30: 273047.44 | CF30: 195551.56 | CG30: 35001.747 | CI30: 786200.81 | CJ30: 63085.125 | CN30: 31854.745 | CO30: 640279.99 | CQ30: 403297.05 | CT30: 95199.317 | CU30: 11285.973 | CV30: 78872.16 | CX30: 73046.531 | DA30: 56490.462 | DC30: 31577.16 | DD30: 8165.9639 | DF30: 14309.44 | DH30: 8996.7014 | DI30: 68137.55 | DK30: 64539.796 | DL30: 54561.072 | DN30: 35539.484 | DP30: 26847.262 | DR30: 62636.905 | DS30: 20355.779 | DT30: 25681.857 | DW30: 330741.9 | DY30: 8979.5811 | DZ30: 63005.376 | EA30: 10859.893 | EC30: 17547.36 | ED30: 8499.9495 | EE30: 82151.519 | EF30: 17298.632 | EG30: 20066.922 | EH30: 5414.8247 | EI30: 9510.5629 | EJ30: 5752.4324 | EK30: 13339.512 | EL30: 60439.459 | EM30: 13081.849 | EN30: 21313.006 | EO30: 3505.6115 | EQ30: 74207.615 | ER30: 25676.263 | ES30: 9897.2988 | ET30: 4143.6536 | EV30: 0 | FC30: 25502.873 | FD30: 18523.488 | FE30: 84427.942 | FH30: 53045.638 | FO30: 24345.501 | GA30: 0 | GE30: 10.1652 | GF30: 469.5 | GG30: 0
A31: 46134 | B31: 4.7685078e+09 | C31: 1.7423887e+09 | D31: 7.4684859e+08 | E31: 1.3352852e+09 | F31: 2.2674702e+08 | G31: 1.1443457e+08 | H31: 1.970793e+08 | I31: 16728536 | J31: 16188067 | K31: 23542175 | L31: 1.0468063e+08 | M31: 26116030 | N31: 29082282 | O31: 12578673 | P31: 31884534 | Q31: 15172605 | R31: 7653573.4 | S31: 9794261.3 | T31: 14493275 | U31: 6896374.8 | V31: 8756130.6 | W31: 10619154 | X31: 2020788.7 | Y31: 1798006.2 | Z31: 2647677.5 | AA31: 6543123.2 | AB31: 4379151.2 | AC31: 4533173.2 | AE31: 3111897 | AF31: 3360256 | AG31: 770558.52 | AH31: 3820294.4 | AI31: 521298.08 | AJ31: 2131620.7 | AK31: 558715.99 | AL31: 1127505.7 | AM31: 896428.72 | AN31: 702982.95 | AQ31: 2770502.2 | AR31: 902519.6 | AS31: 490760.75 | AT31: 1367394.2 | AU31: 1057779.1 | AV31: 640862.7 | AW31: 1134796.7 | AX31: 544924.2 | AY31: 1652352.1 | AZ31: 589097.92 | BA31: 586765.22 | BB31: 331435.18 | BC31: 443183.83 | BD31: 303665.76 | BG31: 630426.36 | BK31: 298091.42 | BL31: 137016.39 | BM31: 173043.31 | BN31: 584863.26 | BO31: 88394.623 | BP31: 371291.64 | BQ31: 374404.46 | BR31: 223747.87 | BS31: 146082.37 | BT31: 219908.17 | BU31: 1501153.7 | BV31: 392916.18 | BW31: 192443.95 | BX31: 10505318 | BY31: 134802.16 | BZ31: 263435.93 | CA31: 120422.48 | CB31: 210111.39 | CC31: 155263.44 | CD31: 218614.4 | CE31: 146894.42 | CF31: 266421.06 | CG31: 32922.245 | CI31: 156718.22 | CJ31: 60599.584 | CN31: 5622.671 | CO31: 104667.74 | CQ31: 455396.19 | CT31: 9238.8762 | CU31: 19784.206 | CV31: 106556.65 | CX31: 85545.036 | DA31: 32239.911 | DC31: 29563.939 | DD31: 9807.9693 | DF31: 45866.554 | DH31: 15088.321 | DI31: 103745.56 | DK31: 64580.252 | DL31: 26689.294 | DN31: 18176.154 | DP31: 175151.29 | DR31: 133230.06 | DS31: 28794.818 | DT31: 49224.461 | DW31: 21957.202 | DY31: 9537.9369 | DZ31: 21692.323 | EA31: 10864.892 | EC31: 28475.824 | ED31: 46429.814 | EE31: 25027.378 | EF31: 29986.116 | EG31: 33198.476 | EH31: 12949.382 | EI31: 14775.8 | EJ31: 24580.095 | EK31: 26575.903 | EL31: 82831.561 | EM31: 25900.577 | EN31: 25146.733 | EO31: 25124.457 | EQ31: 86443.181 | ER31: 7618.855 | ES31: 9140.3104 | ET31: 4884.9247 | EV31: 838.15289 | FC31: 19542.829 | FD31: 8070.1861 | FE31: 38361.183 | FH31: 21199.975 | FO31: 13252.906 | GA31: 0 | GE31: 10.20416 | GF31: 0 | GG31: 0
A32: 46133 | B32: 6.7200876e+09 | C32: 2.670108e+09 | D32: 1.3720379e+09 | E32: 1.5891255e+09 | F32: 4.0188252e+08 | G32: 1.1542638e+08 | H32: 1.334294e+08 | I32: 8272791.5 | J32: 9862840.4 | K32: 35477595 | L32: 96476951 | M32: 26835635 | N32: 34508473 | O32: 19522427 | P32: 43454449 | Q32: 15210214 | R32: 9676457.1 | S32: 15728305 | T32: 15744908 | U32: 15645846 | V32: 8549287.1 | W32: 12559300 | X32: 1835575.7 | Y32: 1414710.1 | Z32: 3759396.5 | AA32: 5965539.7 | AB32: 3358960.5 | AC32: 6527824.4 | AE32: 3275373.3 | AF32: 1864442.9 | AG32: 1518806.4 | AH32: 3224325.2 | AI32: 438910.1 | AJ32: 2311046.9 | AK32: 554162.48 | AL32: 1447274 | AM32: 683447.4 | AN32: 1747516.4 | AQ32: 1881562.1 | AR32: 988328.44 | AS32: 655763.53 | AT32: 1800429.2 | AU32: 820839.52 | AV32: 1079729.4 | AW32: 870678.04 | AX32: 537470.42 | AY32: 1606932.5 | BA32: 819033.97 | BB32: 587830.3 | BC32: 313940.98 | BD32: 590082.55 | BG32: 199678.88 | BK32: 720331.06 | BL32: 166707.47 | BM32: 123230.77 | BN32: 562462.09 | BO32: 245504.86 | BR32: 258245.35 | BS32: 382736.05 | BT32: 135389.39 | BU32: 8240056.8 | BV32: 844009.18 | BW32: 359119.57 | BX32: 539340.76 | BZ32: 1208901.4 | CB32: 30380.712 | CC32: 734225.55 | CD32: 1056027.3 | CE32: 268756.84 | CF32: 167376.04 | CG32: 197490.68 | CI32: 112770.77 | CJ32: 27672.699 | CN32: 15119.795 | CO32: 200235.33 | CQ32: 147518.73 | CT32: 64566.715 | CU32: 56718.518 | CV32: 85947.732 | CX32: 27568.374 | DA32: 21514.91 | DC32: 87372.141 | DD32: 24327.483 | DF32: 26257.673 | DH32: 11556.306 | DI32: 85512.478 | DK32: 59056.38 | DL32: 26325.266 | DN32: 19921.576 | DP32: 43537.973 | DR32: 76150.116 | DS32: 19877.7 | DT32: 20376.465 | DW32: 10251.571 | DY32: 11591.104 | DZ32: 11445.79 | EA32: 6658.56 | EC32: 11411.86 | ED32: 29891.301 | EE32: 16635.405 | EF32: 12410.468 | EG32: 33507.738 | EH32: 3699.456 | EI32: 6819.2496 | EJ32: 45012.67 | EK32: 45743.66 | EL32: 4641.6246 | EM32: 22594.505 | EN32: 21657.931 | EO32: 7252.9952 | EQ32: 4208.6918 | ER32: 13466.113 | ES32: 4531.37 | ET32: 12878.288 | EV32: 0 | FC32: 12634.263 | FD32: 5276.8092 | FE32: 3853.0573 | FH32: 9476.0194 | FO32: 5069.9155 | GA32: 0 | GE32: 0 | GF32: 0 | GG32: 0
A33: 46132 | B33: 4.4695982e+09 | C33: 1.5085554e+09 | D33: 9.4309422e+08 | E33: 9.9497317e+08 | F33: 2.9622981e+08 | G33: 1.3008372e+08 | H33: 1.4262629e+08 | I33: 12361162 | J33: 10484318 | K33: 29474686 | L33: 1.1935664e+08 | M33: 32154497 | N33: 39960003 | O33: 11174838 | P33: 45959295 | Q33: 12894545 | R33: 13338843 | S33: 10113631 | T33: 15192797 | U33: 11792751 | V33: 9978908.4 | W33: 11531409 | X33: 2187844.3 | Y33: 1120331.3 | Z33: 6203529.8 | AA33: 6839181.6 | AB33: 4904245.4 | AC33: 5986742.1 | AE33: 4441080.7 | AF33: 2644055.5 | AG33: 602386.52 | AH33: 2048206 | AI33: 485906.39 | AJ33: 3179895.4 | AK33: 621753.48 | AL33: 3134253.7 | AM33: 767226.93 | AN33: 1036236.8 | AQ33: 3079711.7 | AR33: 471640 | AS33: 1043425.5 | AT33: 616117.04 | AU33: 914860.95 | AV33: 850794.19 | AW33: 827406.56 | AX33: 317990.61 | AY33: 509434.06 | BA33: 2029802.3 | BB33: 303484.43 | BC33: 288484.96 | BD33: 446131.41 | BG33: 240268.2 | BK33: 411756.83 | BL33: 356079.14 | BM33: 227390.98 | BN33: 244904.59 | BO33: 242883.91 | BR33: 212576.79 | BS33: 102351.31 | BT33: 150347.77 | BU33: 2494215.7 | BV33: 622258.17 | BW33: 426842.39 | BX33: 39306.772 | BZ33: 194004.95 | CB33: 168965.6 | CC33: 1325986.1 | CD33: 151624.57 | CE33: 86937.102 | CF33: 107229.28 | CG33: 74993.335 | CI33: 68970.897 | CJ33: 77420.331 | CN33: 10252.131 | CO33: 241339.6 | CQ33: 33654.629 | CT33: 11974.496 | CU33: 152066.57 | CV33: 128776.13 | CX33: 57928.802 | DA33: 40381.185 | DC33: 44437.672 | DD33: 37335.467 | DF33: 29711.967 | DH33: 9787.5924 | DI33: 59317.139 | DK33: 32249.2 | DL33: 25949.376 | DN33: 20143.485 | DP33: 20415.535 | DR33: 744931.62 | DS33: 21197.457 | DT33: 19519.657 | DW33: 15660.536 | DY33: 46070.019 | DZ33: 20685.861 | EA33: 11017.355 | EC33: 15551.402 | ED33: 66620.035 | EE33: 19688.992 | EF33: 10048.116 | EG33: 54585.454 | EH33: 49630.313 | EI33: 19765.448 | EJ33: 13952.013 | EK33: 55759.554 | EL33: 15625.42 | EM33: 6542.2565 | EN33: 26698.178 | EO33: 3816.4959 | EQ33: 6336.861 | ER33: 45424.815 | ES33: 4985.6386 | ET33: 27619.179 | EV33: 11056.333 | FC33: 14341.451 | FD33: 6686 | FE33: 3148.2586 | FH33: 17730.411 | FO33: 7343.8865 | GA33: 0 | GE33: 0 | GF33: 0 | GG33: 0
A34: 46131 | B34: 2.3088148e+09 | C34: 7.6689822e+08 | D34: 4.2829162e+08 | E34: 7.0057271e+08 | F34: 2.2847452e+08 | G34: 22344012 | H34: 21036895 | I34: 1982784.1 | J34: 3464192.2 | K34: 10131151 | L34: 36362162 | M34: 3785990.4 | N34: 16600730 | O34: 4271651.6 | P34: 6659579.9 | Q34: 3197137.2 | R34: 2594477.8 | S34: 5199417.1 | T34: 2309230.1 | U34: 2488281.8 | V34: 2792104.5 | W34: 7650487.7 | X34: 624165.66 | Y34: 63766.505 | Z34: 2332192.4 | AA34: 1032754.9 | AB34: 3252579.4 | AC34: 2974285 | AE34: 2888167.4 | AF34: 1692037.9 | AG34: 1183463.2 | AH34: 588418.24 | AI34: 541028.9 | AJ34: 2482534.2 | AK34: 408089.99 | AL34: 215661.59 | AM34: 16789.323 | AN34: 37992.498 | AQ34: 231890.37 | AR34: 34639.4 | AS34: 333729.85 | AT34: 1604251 | AU34: 1197433.4 | AV34: 507751.24 | AW34: 139327.51 | AX34: 417189.21 | AY34: 68536.005 | BA34: 2773570.4 | BB34: 42448.033 | BC34: 480653.74 | BD34: 89808.091 | BG34: 118007.22 | BK34: 184242.91 | BL34: 34302.022 | BM34: 145987.61 | BN34: 51436.356 | BO34: 12401.696 | BR34: 39155.145 | BS34: 25409.445 | BT34: 24315.987 | BU34: 194981.46 | BV34: 262227.06 | BW34: 107297.36 | BX34: 39921.749 | BZ34: 25998.825 | CB34: 67608.601 | CC34: 478003.31 | CD34: 2471.1327 | CE34: 13907.559 | CF34: 4199.552 | CG34: 26466.108 | CI34: 111561.64 | CJ34: 8817.93 | CN34: 11022.249 | CO34: 14514.351 | CQ34: 5381.7035 | CT34: 3150.2022 | CU34: 387219.03 | CV34: 60453.508 | CX34: 34256.852 | DA34: 148099.99 | DC34: 26349.466 | DD34: 19882.289 | DF34: 30391.61 | DH34: 10713.708 | DI34: 50722.588 | DK34: 62428.932 | DL34: 33865.013 | DN34: 33558.425 | DP34: 12321.595 | DR34: 13363.499 | DS34: 19872.813 | DT34: 17962.553 | DW34: 5584.6213 | DY34: 39421.551 | DZ34: 9125.1717 | EA34: 0 | EC34: 11102.872 | ED34: 71774.528 | EE34: 29318.345 | EF34: 9780.2408 | EG34: 17234.558 | EH34: 4683.6494 | EI34: 57014.631 | EJ34: 105013.49 | EK34: 8204.2858 | EL34: 4232.8589 | EM34: 5750.8942 | EN34: 28942.59 | EO34: 3059.0714 | EQ34: 4515.7552 | ER34: 9299.2213 | ES34: 4761.903 | ET34: 4224.452 | EV34: 3101.3527 | FC34: 12277.56 | FD34: 4738.758 | FE34: 5197.1809 | FH34: 7799.5904 | FO34: 5535.256 | GA34: 0 | GE34: 6332.22 | GF34: 0 | GG34: 0
A35: 46130 | B35: 1.0513517e+09 | C35: 2.7740379e+08 | D35: 76425203 | E35: 4.4893402e+08 | F35: 1.1013043e+08 | G35: 17357686 | H35: 18376721 | I35: 2944992.3 | J35: 2122995 | K35: 8384978.4 | L35: 16633679 | M35: 4134955.8 | N35: 5726251.2 | O35: 2700256 | P35: 7440034.1 | Q35: 750387.26 | R35: 4519857.1 | S35: 1901221.7 | T35: 3234270.2 | U35: 2813805.4 | V35: 2645461.2 | W35: 7779314.1 | X35: 479761.93 | Y35: 95507.908 | Z35: 2327110.4 | AA35: 1511031.8 | AB35: 1172326.1 | AC35: 4515902.7 | AE35: 1858138 | AF35: 688206.82 | AG35: 1037123.4 | AH35: 467829.61 | AI35: 1216139.7 | AJ35: 125716.6 | AK35: 1127392.3 | AL35: 207046.01 | AM35: 65481.43 | AN35: 71718.794 | AQ35: 202293.02 | AR35: 52562.341 | AS35: 506668.93 | AT35: 4002789.9 | AU35: 889181.74 | AV35: 389747.38 | AW35: 306618.23 | AX35: 215094.76 | AY35: 46876.251 | BA35: 933437.56 | BB35: 9323.2582 | BC35: 388620.86 | BD35: 44613.81 | BG35: 144376.84 | BK35: 37314.519 | BL35: 9148.0042 | BM35: 120840.19 | BN35: 88806.27 | BO35: 31588.906 | BR35: 67061.968 | BS35: 8288.4773 | BT35: 632689.13 | BU35: 210386.06 | BV35: 286896.9 | BW35: 84587.168 | BX35: 137500.51 | BZ35: 17593.238 | CB35: 30537.585 | CC35: 765454.92 | CD35: 5080.8021 | CE35: 13506.329 | CF35: 8007.1422 | CG35: 37653.724 | CI35: 117537 | CJ35: 21856.342 | CN35: 35677.78 | CO35: 21928.363 | CQ35: 8409.2509 | CT35: 20818.303 | CU35: 7899.835 | CV35: 215528 | CX35: 97369.662 | DA35: 16490.477 | DC35: 18015.877 | DD35: 19250.35 | DF35: 9838.4795 | DH35: 9500.364 | DI35: 28007.989 | DK35: 18352.787 | DL35: 23372.534 | DN35: 19273.421 | DP35: 17191.375 | DR35: 116888.47 | DS35: 51771.168 | DT35: 18235.357 | DW35: 4166.817 | DY35: 8068.7145 | DZ35: 29995.565 | EA35: 0 | EC35: 12646.259 | ED35: 3871.7916 | EE35: 30256.828 | EF35: 10426.837 | EG35: 18077.82 | EH35: 6335.6959 | EI35: 4082.7364 | EJ35: 167678.51 | EK35: 3571.4073 | EL35: 7195.913 | EM35: 6004.1507 | EN35: 21976.54 | EO35: 1443.5261 | EQ35: 4401.6198 | ER35: 7249.3868 | ES35: 4535.6815 | ET35: 3982.6025 | EV35: 0 | FC35: 10746.85 | FD35: 4836.4532 | FE35: 3210.2253 | FH35: 6993.0343 | FO35: 4866.0309 | GA35: 0 | GE35: 0 | GF35: 0 | GG35: 0
A36: 46129 | B36: 6.4229766e+09 | C36: 1.907811e+09 | D36: 1.4184173e+09 | E36: 1.7180692e+09 | F36: 4.6786887e+08 | G36: 1.772885e+08 | H36: 2.1300549e+08 | I36: 11615377 | J36: 14479402 | K36: 36699163 | L36: 1.2054021e+08 | M36: 36646330 | N36: 42657053 | O36: 12853137 | P36: 55918470 | Q36: 17690678 | R36: 17193879 | S36: 14218404 | T36: 18493791 | U36: 12794526 | V36: 11491535 | W36: 13650886 | X36: 1832073.9 | Y36: 728419.27 | Z36: 6370072.1 | AA36: 16837665 | AB36: 5952796.2 | AC36: 7493927.1 | AE36: 4299537.7 | AF36: 3394856.3 | AG36: 1500991.9 | AH36: 3653884 | AI36: 811830.49 | AJ36: 1107686.7 | AK36: 826066.35 | AL36: 811879.79 | AM36: 461971.83 | AN36: 710865.24 | AQ36: 371870.4 | AR36: 568424 | AS36: 1862833.5 | AT36: 8242434.6 | AU36: 1346631 | AV36: 1200683.6 | AW36: 1104288.4 | AX36: 573417.3 | AY36: 982185.74 | BA36: 812215.66 | BB36: 427489.77 | BC36: 604278.97 | BD36: 205758.46 | BG36: 272602.51 | BK36: 398201.12 | BL36: 413151.28 | BM36: 564390.22 | BN36: 373104.25 | BO36: 105442.36 | BR36: 128254.59 | BS36: 479236.25 | BT36: 122295.68 | BU36: 298874.94 | BV36: 705304.85 | BW36: 167229.42 | BX36: 99849.645 | BZ36: 73057.839 | CB36: 593717.76 | CC36: 209970.77 | CD36: 192489.7 | CE36: 199494.78 | CF36: 69211.362 | CG36: 29807.232 | CI36: 452897.5 | CJ36: 48902.571 | CN36: 43068.272 | CO36: 189665.52 | CQ36: 82014.505 | CT36: 148225.92 | CU36: 65523.636 | CV36: 175653.03 | CX36: 116546.54 | DA36: 63516.668 | DC36: 30953.265 | DD36: 27141.079 | DF36: 14142.822 | DH36: 9171.0404 | DI36: 115875.98 | DK36: 128391.15 | DL36: 47883.464 | DN36: 29316.203 | DP36: 42885.092 | DR36: 9703.4346 | DS36: 21524.095 | DT36: 22419.888 | DW36: 24947.083 | DY36: 10747.185 | DZ36: 39555.307 | EA36: 11012.356 | EC36: 22152.437 | ED36: 6926.5844 | EE36: 138800.81 | EF36: 10786.337 | EG36: 52523.605 | EH36: 4102.8562 | EI36: 91089.358 | EJ36: 267839.48 | EK36: 58360.836 | EL36: 8190.7724 | EM36: 7005.255 | EN36: 22136.709 | EO36: 78435.124 | EQ36: 22147.578 | ER36: 16764.674 | ES36: 9452.1237 | ET36: 5228.7708 | EV36: 1339.426 | FC36: 11379.057 | FD36: 11170.199 | FE36: 3242.4015 | FH36: 72443.137 | FO36: 87483.568 | GA36: 0 | GE36: 0 | GF36: 0 | GG36: 0
A37: 46128 | B37: 4.2442937e+09 | C37: 1.4997997e+09 | D37: 1.1137248e+09 | E37: 7.3158146e+08 | F37: 1.5360172e+08 | G37: 1.1278906e+08 | H37: 1.7514362e+08 | I37: 12939686 | J37: 19915424 | K37: 39683304 | L37: 63727908 | M37: 32802883 | N37: 28844731 | O37: 17850178 | P37: 48360674 | Q37: 15548360 | R37: 33253648 | S37: 12683010 | T37: 19114199 | U37: 9985432.5 | V37: 9186148.4 | W37: 11847389 | X37: 1683993.5 | Y37: 1964772.5 | Z37: 6080403.3 | AA37: 11771722 | AB37: 4257480.8 | AC37: 5980365 | AE37: 2762109.9 | AF37: 10420798 | AG37: 2361269.8 | AH37: 4423296.9 | AI37: 6359991.3 | AJ37: 1096138.5 | AK37: 769231.19 | AL37: 713584.37 | AM37: 299495.17 | AN37: 441867.22 | AQ37: 554615.05 | AR37: 580460.38 | AS37: 2511088.4 | AT37: 2773715 | AU37: 1020577.6 | AV37: 1214855.5 | AW37: 942807.19 | AX37: 407449.49 | AY37: 201837.8 | BA37: 1347153.4 | BB37: 698116.25 | BC37: 424593.36 | BD37: 264658.68 | BG37: 640566.33 | BK37: 186299.48 | BL37: 883985.08 | BM37: 416214.87 | BN37: 302505.58 | BO37: 130003.49 | BR37: 80199.402 | BS37: 138863.28 | BT37: 235946.72 | BU37: 241423.32 | BV37: 634707.42 | BW37: 99160.642 | BX37: 108483.34 | BZ37: 126461.89 | CB37: 37387.12 | CC37: 193887.49 | CD37: 73964.815 | CE37: 90285.779 | CF37: 110265.74 | CG37: 37008.792 | CI37: 184555.24 | CJ37: 77770.524 | CN37: 19898.054 | CO37: 196408.7 | CQ37: 301243.93 | CT37: 94426.502 | CU37: 17794.606 | CV37: 358714.75 | CX37: 136039.12 | DA37: 39668.754 | DC37: 22280.809 | DD37: 14949.911 | DF37: 16635.425 | DH37: 9429.7333 | DI37: 313520.71 | DK37: 81376.391 | DL37: 42943.68 | DN37: 19825.576 | DP37: 27676.323 | DR37: 16154.205 | DS37: 19598.554 | DT37: 18953.257 | DW37: 8391.5955 | DY37: 8194.5879 | DZ37: 16816.175 | EA37: 0 | EC37: 15448.377 | ED37: 41223.569 | EE37: 46457.038 | EF37: 9901.3303 | EG37: 132702.12 | EH37: 4952.0861 | EI37: 23984.759 | EJ37: 112107.98 | EK37: 84218.543 | EL37: 14793.405 | EM37: 6330.8348 | EN37: 23695.495 | EO37: 125601.1 | EQ37: 35450.021 | ER37: 17979.383 | ES37: 7999.0716 | ET37: 3886.2621 | EV37: 881.85013 | FC37: 11660.42 | FD37: 13773.671 | FE37: 3416.9034 | FH37: 7332.3257 | FO37: 7235.8546 | GA37: 0 | GE37: 0 | GF37: 0 | GG37: 0
A38: 46127 | B38: 4.9609504e+09 | C38: 1.7311231e+09 | D38: 1.5329567e+09 | E38: 6.6875859e+08 | F38: 1.8610596e+08 | G38: 1.4159882e+08 | H38: 2.3019001e+08 | I38: 9729935.9 | J38: 18424993 | K38: 48838338 | L38: 47340123 | M38: 32155624 | N38: 27923849 | O38: 14775267 | P38: 88788591 | Q38: 17037900 | R38: 27973921 | S38: 11858116 | T38: 20492070 | U38: 12319730 | V38: 11491385 | W38: 9149094.7 | X38: 553013.77 | Y38: 1209234.4 | Z38: 7024751.6 | AA38: 10181708 | AB38: 4222919.4 | AC38: 6751003.1 | AE38: 3907191.9 | AF38: 4375572.4 | AG38: 1127674.4 | AH38: 5000555.1 | AI38: 7032403.2 | AJ38: 678379.94 | AK38: 1720410.5 | AL38: 776513.46 | AM38: 246610.93 | AN38: 296978.03 | AQ38: 876029.18 | AR38: 463717.23 | AS38: 455808.7 | AT38: 358085.89 | AU38: 1079755.7 | AV38: 991027.12 | AW38: 1211052 | AX38: 523638.77 | AY38: 135468.25 | BA38: 287369.32 | BB38: 554402.82 | BC38: 779814.59 | BD38: 403880.06 | BG38: 1330037.9 | BK38: 121785.13 | BL38: 615319.88 | BM38: 347278.34 | BN38: 143707.97 | BO38: 492478.27 | BR38: 93350.242 | BS38: 330762.91 | BT38: 35386.897 | BU38: 130615.09 | BV38: 388110.77 | BW38: 97111.979 | BX38: 50659.133 | BZ38: 212621.5 | CB38: 49603.399 | CC38: 296810.88 | CD38: 56823.951 | CE38: 70660.632 | CF38: 132269.71 | CG38: 29660.885 | CI38: 156217.42 | CJ38: 69471.454 | CN38: 19081.71 | CO38: 243730.38 | CQ38: 213675.13 | CT38: 100790.7 | CU38: 21662.335 | CV38: 744440.61 | CX38: 86040.063 | DA38: 38332.763 | DC38: 129279.59 | DD38: 15141.165 | DF38: 15156.477 | DH38: 12579.351 | DI38: 315342.88 | DK38: 214221.79 | DL38: 50933.946 | DN38: 18522.157 | DP38: 17008.709 | DR38: 15863.744 | DS38: 25054.872 | DT38: 18541.028 | DW38: 227328.92 | DY38: 8644.9599 | DZ38: 11419.474 | EA38: 22191.449 | EC38: 26756.977 | ED38: 8517.2795 | EE38: 57401.239 | EF38: 10318.47 | EG38: 32359.553 | EH38: 3247.0502 | EI38: 16468.146 | EJ38: 749.7242 | EK38: 61419.484 | EL38: 118068.87 | EM38: 6140.6375 | EN38: 34017.167 | EO38: 285415.28 | EQ38: 97469.155 | ER38: 6793.8901 | ES38: 7045.4829 | ET38: 4019.4585 | EV38: 2499.3181 | FC38: 16746.255 | FD38: 15878.638 | FE38: 3809.1469 | FH38: 33034.876 | FO38: 8075.0527 | GA38: 0 | GE38: 1280.32 | GF38: 0 | GG38: 0
A39: 46126 | B39: 5.7804329e+09 | C39: 1.8450867e+09 | D39: 1.6087479e+09 | E39: 1.2197653e+09 | F39: 3.3671506e+08 | G39: 2.0615397e+08 | H39: 1.3609369e+08 | I39: 13515411 | J39: 16187230 | K39: 35627584 | L39: 57157679 | M39: 37703411 | N39: 30354809 | O39: 13312042 | P39: 48138127 | Q39: 24220769 | R39: 16356427 | S39: 9220444 | T39: 17698350 | U39: 19474727 | V39: 15159718 | W39: 7585926.6 | X39: 445947.59 | Y39: 633457.5 | Z39: 7756572.7 | AA39: 9518256.8 | AB39: 5970498.4 | AC39: 5541215.2 | AE39: 3511057.1 | AF39: 2501452.3 | AG39: 3148424.7 | AH39: 4093018.7 | AI39: 301566.96 | AJ39: 689909.26 | AK39: 2416117.2 | AL39: 1204843.5 | AM39: 3038961.7 | AN39: 217666.92 | AQ39: 1023076.2 | AS39: 599849.54 | AT39: 719394.67 | AU39: 763503.12 | AV39: 1069105.2 | AW39: 1068874.6 | AX39: 710833.06 | BA39: 457683.01 | BB39: 233499.68 | BC39: 841471.69 | BD39: 396734.84 | BG39: 314442.35 | BK39: 277321.13 | BL39: 485543.56 | BM39: 311277.95 | BN39: 79694.492 | BO39: 466601.57 | BR39: 112722.74 | BS39: 177253.44 | BT39: 136803.48 | BU39: 225253.59 | BV39: 468641.96 | BW39: 214289.33 | BX39: 68734.057 | BZ39: 308503.77 | CB39: 74572.465 | CC39: 222078.75 | CD39: 137830.91 | CE39: 58669.29 | CF39: 92291.208 | CG39: 37593.942 | CI39: 51510.885 | CJ39: 300222.51 | CN39: 22972.041 | CO39: 166405.82 | CT39: 64557.028 | CU39: 24907.241 | CV39: 92576.197 | CX39: 107029.54 | DA39: 233199.71 | DC39: 125803.28 | DD39: 55263.014 | DF39: 116379.71 | DH39: 35716.042 | DI39: 290434.99 | DK39: 199206.23 | DL39: 36015.279 | DN39: 18384.522 | DP39: 24096.573 | DR39: 14871.763 | DS39: 21807.51 | DT39: 19921.585 | DW39: 8196.9185 | DY39: 11494.424 | DZ39: 10793.564 | EA39: 0 | EC39: 10109.179 | ED39: 17328.205 | EE39: 97475.755 | EF39: 9961.4268 | EG39: 50561.92 | EH39: 3548.5998 | EI39: 443878.63 | EJ39: 934.3361 | EK39: 128674.8 | EL39: 8767.9712 | EM39: 5901.7185 | EN39: 16403.323 | EO39: 23906.08 | EQ39: 16943.029 | ER39: 18706.003 | ES39: 5431.4964 | ET39: 11707.818 | EV39: 5184.92 | FC39: 55313.477 | FD39: 9586.8486 | FE39: 4022.9721 | FH39: 7491.7322 | FO39: 10907.108 | GA39: 0 | GE39: 0 | GF39: 0 | GG39: 0
A40: 46125 | B40: 6.0847756e+09 | C40: 1.8650579e+09 | D40: 1.3878293e+09 | E40: 1.6474015e+09 | F40: 3.9993978e+08 | G40: 1.4971936e+08 | H40: 1.671748e+08 | I40: 10948578 | J40: 16985097 | K40: 33772432 | L40: 60667044 | M40: 43247227 | N40: 38850051 | O40: 17055107 | P40: 36208789 | Q40: 25870637 | R40: 18328175 | S40: 11811104 | T40: 40582388 | U40: 19488532 | V40: 13817824 | W40: 13585056 | X40: 380640.12 | Y40: 963630.69 | Z40: 8533632.6 | AA40: 6804957.9 | AB40: 5827347.6 | AC40: 9551348.5 | AE40: 5935910.2 | AF40: 2475634.4 | AG40: 1636466.4 | AH40: 2536042.1 | AI40: 422609.84 | AJ40: 538684.76 | AK40: 2626210.4 | AL40: 1454387.8 | AM40: 271757.06 | AN40: 111971.47 | AQ40: 1041222 | AS40: 1046535.3 | AT40: 1011404.1 | AU40: 1497837.9 | AV40: 1120415.4 | AW40: 1033234.6 | AX40: 577810.47 | BA40: 497615.84 | BB40: 499031.42 | BC40: 886531.89 | BD40: 392903.01 | BG40: 506198.31 | BK40: 826785.41 | BL40: 554608.98 | BM40: 124108.9 | BN40: 197832.49 | BO40: 389042.67 | BR40: 94979.406 | BS40: 89719.795 | BT40: 99767.245 | BU40: 346949.01 | BV40: 357691.51 | BW40: 164193.65 | BX40: 99801.068 | BZ40: 146812.04 | CB40: 188422.3 | CC40: 156570.77 | CD40: 160181.82 | CE40: 109901.71 | CF40: 59676.416 | CG40: 30823.595 | CI40: 171752.68 | CJ40: 140954.91 | CN40: 104804.84 | CO40: 27987.569 | CT40: 71293.944 | CU40: 31310.36 | CV40: 186345.38 | CX40: 101941.12 | DA40: 90619.346 | DC40: 29807.097 | DD40: 58086.644 | DF40: 188606.11 | DH40: 17230.9 | DI40: 89182.44 | DK40: 39967.172 | DL40: 27233.749 | DN40: 31627.659 | DP40: 27510.615 | DR40: 12455.171 | DS40: 22589.714 | DT40: 21137.72 | DW40: 20139.039 | DY40: 65509.918 | DZ40: 19246.421 | EA40: 48990.097 | EC40: 50421.45 | ED40: 9814.4879 | EE40: 37515.533 | EF40: 11535.204 | EG40: 36294.36 | EH40: 5045.1216 | EI40: 20673.28 | EJ40: 8696.7386 | EK40: 65530.112 | EM40: 7600.7511 | EO40: 14285.034 | ER40: 6268.4269 | ES40: 6105.5367 | ET40: 6062.4625 | EV40: 36373.329 | FC40: 86485.096 | GA40: 0 | GE40: 0 | GF40: 0 | GG40: 0
A41: 46124 | B41: 3.6678719e+09 | C41: 9.5461764e+08 | D41: 4.7801671e+08 | E41: 1.5993395e+09 | F41: 3.3763414e+08 | G41: 32886151 | H41: 38213574 | I41: 8417728 | J41: 4183579.7 | K41: 25973045 | L41: 25294051 | M41: 12096686 | N41: 14252893 | O41: 14611703 | P41: 8880788.9 | Q41: 13788112 | R41: 14951746 | S41: 7970818.7 | T41: 7300497.7 | U41: 9920058.8 | V41: 4871816.7 | W41: 10272638 | X41: 288074.6 | Y41: 156648.53 | Z41: 6777573.2 | AA41: 2490896.4 | AB41: 5255865.7 | AC41: 4953733.2 | AE41: 3843680.2 | AF41: 1700809.4 | AG41: 811434.79 | AH41: 700265.38 | AI41: 1375504.2 | AJ41: 366198.45 | AK41: 2417636.9 | AL41: 577205.08 | AM41: 244869.46 | AN41: 13304.358 | AQ41: 915702.57 | AS41: 1277576.6 | AT41: 903408.55 | AU41: 1252172.4 | AV41: 832747.52 | AW41: 228105.93 | AX41: 670841.08 | BA41: 789341.36 | BB41: 31616.505 | BC41: 954848.71 | BD41: 138764.37 | BG41: 240609.03 | BK41: 248005.57 | BL41: 121587.52 | BM41: 250088.83 | BN41: 61576.192 | BO41: 250184.62 | BR41: 30899.403 | BS41: 45073.33 | BT41: 27751.418 | BU41: 282539.38 | BV41: 278938.42 | BW41: 90012.623 | BX41: 164137.64 | BZ41: 15739.994 | CB41: 74441.667 | CC41: 299952.54 | CD41: 36589.515 | CE41: 25630.594 | CF41: 8775.1924 | CG41: 35469.153 | CI41: 488451.65 | CJ41: 6999.6423 | CN41: 42659.472 | CO41: 25623.447 | CT41: 12652.126 | CU41: 35342.316 | CV41: 125415.1 | CX41: 69666.18 | DA41: 299420.03 | DC41: 21371.883 | DD41: 43912.169 | DF41: 107216.77 | DH41: 12312.641 | DL41: 23315.657 | DN41: 75012.951 | DP41: 33385.321 | DR41: 18010.512 | DS41: 31312.532 | DT41: 26526.926 | DY41: 48758.069 | DZ41: 5750.7075 | EA41: 60103.106 | EC41: 72239.361 | ED41: 30818.882 | EF41: 9737.1667 | EH41: 3468.9896 | EI41: 8546.0131 | EJ41: 2423.3553 | EM41: 7785.922 | EO41: 11837.329 | ER41: 4349.8911 | ES41: 7180.4525 | ET41: 13391.023 | EV41: 36201.018 | GA41: 0 | GE41: 0 | GF41: 0 | GG41: 0
A42: 46123 | B42: 7.8943633e+08 | C42: 1.5106704e+08 | D42: 48489635 | E42: 3.9010053e+08 | F42: 75991075 | G42: 12008570 | H42: 24694181 | I42: 3198927.3 | J42: 1802722.8 | K42: 7797247 | L42: 8329328.6 | M42: 2148065.9 | N42: 4669684.3 | O42: 3684808.6 | P42: 3021866.7 | Q42: 5310995.9 | R42: 12199138 | S42: 1108895.4 | T42: 2332409.3 | U42: 2599672.7 | V42: 3076048.1 | W42: 5399083.6 | X42: 209471.48 | Y42: 26064.682 | Z42: 2078382.8 | AA42: 1090229 | AB42: 1937965.6 | AC42: 1926867.8 | AE42: 766874.5 | AF42: 530400.33 | AG42: 1147572 | AH42: 207947.95 | AI42: 430486.6 | AJ42: 73525.409 | AK42: 1127979.1 | AL42: 650280.45 | AM42: 3631.4989 | AN42: 132404.58 | AQ42: 127874.48 | AS42: 1402246.7 | AT42: 451796.04 | AU42: 249012.75 | AV42: 232705.86 | AW42: 167949.54 | AX42: 252918.25 | BA42: 837438.17 | BB42: 15812.562 | BC42: 1128856 | BD42: 20823.695 | BG42: 52172.284 | BK42: 104200.08 | BL42: 20753.844 | BM42: 163371.46 | BN42: 15114.951 | BO42: 58254.454 | BR42: 37580.318 | BS42: 7083.988 | BT42: 85557.509 | BU42: 141175.84 | BV42: 99083.446 | BW42: 458865.09 | BX42: 1018703.4 | BZ42: 13998.092 | CB42: 20588.07 | CC42: 122643.93 | CD42: 3038.8957 | CE42: 7739.5638 | CF42: 10742.548 | CG42: 24254.268 | CI42: 25089.588 | CJ42: 8266.9405 | CN42: 112627.65 | CO42: 34505.649 | CT42: 4259.959 | CU42: 9538.513 | CV42: 169193.48 | CX42: 69776.241 | DA42: 23706.702 | DC42: 16817.594 | DD42: 9017.4654 | DF42: 10938.034 | DH42: 8958.138 | DL42: 22374.234 | DN42: 19071.35 | DP42: 24020.334 | DR42: 7198.0407 | DS42: 21045.796 | DT42: 18255.908 | DY42: 17704.361 | DZ42: 5865.9895 | EA42: 0 | EC42: 8852.2425 | ED42: 3788.4834 | EF42: 9717.0113 | EH42: 3384.4902 | EI42: 6113.8412 | EJ42: 4102.035 | EM42: 7143.4183 | EO42: 12580.239 | ER42: 11415.18 | ES42: 4511.7898 | ET42: 4130.4868 | EV42: 0 | GA42: 0 | GE42: 0 | GF42: 0 | GG42: 0
A43: 46122 | B43: 5.1381231e+09 | C43: 1.6517167e+09 | D43: 1.3250744e+09 | E43: 1.2085773e+09 | F43: 2.9084933e+08 | G43: 1.4606946e+08 | H43: 1.3547561e+08 | I43: 8162853.3 | J43: 12044344 | K43: 34535299 | L43: 47933595 | M43: 35263255 | N43: 38710062 | O43: 9514075.4 | P43: 25745989 | Q43: 22539574 | R43: 5878327.1 | S43: 16820829 | T43: 42599415 | U43: 17648504 | V43: 6746109.8 | W43: 6454182.3 | X43: 437577.54 | Y43: 813647.26 | Z43: 4134079.9 | AA43: 2857980.9 | AB43: 7164367.8 | AC43: 3441279.9 | AE43: 4321761.1 | AF43: 3115479.9 | AG43: 1650109.9 | AH43: 1284386.8 | AI43: 417301.77 | AJ43: 689080.19 | AK43: 2757930.1 | AL43: 1337526.5 | AM43: 353083.89 | AN43: 16998.926 | AQ43: 608016.68 | AS43: 557410.8 | AT43: 413132.11 | AU43: 925611.78 | AV43: 723753.86 | AW43: 669681.07 | AX43: 529243.94 | BA43: 1662327.5 | BB43: 495580.93 | BC43: 1511761.8 | BD43: 426457.05 | BG43: 397899.89 | BK43: 132145.42 | BL43: 379295.28 | BM43: 460992.97 | BN43: 133446.3 | BO43: 962765.2 | BR43: 300922.47 | BS43: 107783.91 | BT43: 140986 | BU43: 235076.86 | BV43: 297867.91 | BW43: 52635.082 | BX43: 132125.28 | BZ43: 101446.39 | CB43: 242612.66 | CC43: 439073.35 | CD43: 70886.989 | CE43: 51419.274 | CF43: 109980.89 | CG43: 32165.687 | CI43: 30813.656 | CJ43: 247877.38 | CN43: 355979.81 | CO43: 79717.362 | CT43: 23113.789 | CU43: 13064.184 | CV43: 68681.08 | CX43: 254918.32 | DA43: 40181.702 | DC43: 37922.215 | DD43: 36987.043 | DF43: 92721.046 | DH43: 10006.223 | DL43: 23900.162 | DN43: 26683.516 | DP43: 18699.06 | DR43: 44887.237 | DS43: 21126.785 | DT43: 25686.956 | DY43: 9082.6131 | DZ43: 11820.65 | EA43: 0 | EC43: 13515.764 | ED43: 48190.971 | EF43: 18366.665 | EH43: 3792.5952 | EI43: 22134.425 | EJ43: 5340.0128 | EM43: 8108.8525 | EO43: 28046.355 | ER43: 11073.123 | ES43: 11467.82 | ET43: 9071.773 | EV43: 13844.676 | GA43: 0 | GE43: 0 | GF43: 0 | GG43: 0
A44: 46121 | B44: 7.1248297e+09 | C44: 2.0888173e+09 | D44: 1.4892585e+09 | E44: 2.2878244e+09 | F44: 4.4880271e+08 | G44: 1.728556e+08 | H44: 2.0758261e+08 | I44: 11970684 | J44: 10829896 | K44: 24736121 | L44: 58346180 | M44: 62073724 | N44: 46340411 | O44: 23690715 | P44: 28251703 | Q44: 22956669 | R44: 5062565.3 | S44: 19983591 | T44: 31309418 | U44: 18732828 | V44: 11035976 | W44: 6882612.5 | X44: 342341.93 | Y44: 221063.33 | Z44: 8254061.5 | AA44: 1790020.8 | AB44: 2087205 | AC44: 3747625.1 | AE44: 5383951.5 | AF44: 1576546.1 | AG44: 1426127.1 | AH44: 1697827.5 | AI44: 631350.41 | AJ44: 915897.02 | AK44: 2083489.9 | AL44: 1591327.7 | AM44: 93733.45 | AN44: 111244.69 | AQ44: 419638.74 | AS44: 488950.43 | AT44: 559540.91 | AU44: 701195.51 | AV44: 1023567.8 | AW44: 1037037.3 | AX44: 607452.45 | BA44: 579442.76 | BB44: 420498.34 | BC44: 552809.87 | BD44: 495850.34 | BG44: 493057.87 | BK44: 199339.09 | BL44: 378125.85 | BM44: 190771.01 | BN44: 186201.52 | BO44: 2544939.9 | BR44: 100070.12 | BS44: 132985.97 | BT44: 325639.24 | BU44: 400497.29 | BV44: 507701.77 | BW44: 132201.4 | BX44: 118318.25 | BZ44: 130068.44 | CB44: 79844.482 | CC44: 431113.84 | CD44: 116895.17 | CE44: 109903.46 | CF44: 89884.583 | CG44: 53223.127 | CI44: 5254.7913 | CJ44: 199774.52 | CN44: 316937.36 | CO44: 192743.71 | CT44: 40897.818 | CU44: 27751.306 | CV44: 43047.852 | CX44: 93014.756 | DA44: 81711.361 | DC44: 137892.41 | DD44: 105191.15 | DF44: 30598.549 | DH44: 9403.5375 | DL44: 34295.232 | DN44: 18535.616 | DP44: 56231.579 | DR44: 14412.103 | DS44: 19903.594 | DT44: 22407.189 | DY44: 25267.994 | DZ44: 18197.166 | EA44: 0 | EC44: 13462.328 | ED44: 45551.216 | EF44: 13324.627 | EH44: 4124.4397 | EI44: 257857.01 | EJ44: 7716.1955 | EM44: 6990.5751 | EO44: 48195.005 | ER44: 5727.6854 | ES44: 5004.332 | ET44: 4056.4605 | EV44: 19388.486 | GA44: 0 | GE44: 0 | GF44: 0 | GG44: 0
A45: 46120 | B45: 8.6791955e+09 | C45: 2.8813709e+09 | D45: 1.9293696e+09 | E45: 2.3500077e+09 | F45: 6.2481744e+08 | G45: 1.6666704e+08 | H45: 1.9397144e+08 | I45: 13249226 | J45: 6542715.3 | K45: 38163299 | L45: 68422219 | M45: 56192894 | N45: 47522274 | O45: 31942907 | P45: 52528713 | Q45: 25472532 | R45: 15328114 | S45: 26284380 | T45: 27762148 | U45: 14644458 | V45: 13345229 | W45: 13110443 | X45: 296927.05 | Z45: 9148215.4 | AA45: 2784627.6 | AB45: 4944038.4 | AC45: 6135088 | AE45: 9584941.9 | AF45: 2968517.1 | AG45: 1416947.4 | AH45: 1509491.4 | AI45: 2414386.3 | AJ45: 1416303.7 | AK45: 2369867 | AL45: 1181679.7 | AM45: 7366693 | AQ45: 507492.72 | AS45: 162737.6 | AT45: 536979.24 | AU45: 836509.17 | AV45: 1367645.3 | AW45: 1831435.7 | AX45: 846123.8 | BA45: 450246.35 | BB45: 660008.73 | BC45: 1079458.4 | BD45: 1037202.8 | BG45: 908256.39 | BK45: 4773189.1 | BL45: 817657.55 | BM45: 508915.01 | BO45: 525218.87 | BR45: 3804684.8 | BS45: 193420.78 | BT45: 312101.75 | BU45: 1187403.2 | BV45: 683216.35 | BW45: 380674.52 | BX45: 200035.52 | BZ45: 241953.52 | CB45: 269746.81 | CC45: 542805.9 | CD45: 605251.32 | CE45: 147325.31 | CF45: 156907.82 | CG45: 93263.59 | CI45: 28268.066 | CJ45: 578609.71 | CN45: 102071.87 | CO45: 1094675.8 | CT45: 92259.623 | CU45: 13097.631 | CV45: 76992.703 | CX45: 56793.849 | DA45: 116025.5 | DC45: 72083.306 | DD45: 104013.07 | DF45: 142559.69 | DH45: 12940.21 | DL45: 37234.656 | DN45: 68924.544 | DP45: 18400.702 | DR45: 10125.897 | DS45: 20370.652 | DT45: 23442.927 | DY45: 18311.454 | DZ45: 57243.573 | EA45: 110.5664 | EC45: 115002.6 | ED45: 13892.871 | EF45: 12588.777 | EH45: 319131.43 | EJ45: 18848.031 | EM45: 8973.8251 | ER45: 5610.8871 | ES45: 8909.5629 | ET45: 18173.954 | EV45: 8546.0142 | GA45: 0 | GE45: 0 | GF45: 0 | GG45: 0
A46: 46119 | B46: 1.0714471e+10 | C46: 3.9690554e+09 | D46: 2.4133023e+09 | E46: 2.6030637e+09 | F46: 5.8266441e+08 | G46: 1.4443163e+08 | H46: 2.2257614e+08 | I46: 14126897 | J46: 3029236.7 | K46: 66899407 | L46: 68141431 | M46: 70419005 | N46: 44885034 | O46: 24414511 | P46: 44943078 | Q46: 18182486 | R46: 1.755536e+08 | S46: 25088313 | T46: 38383309 | U46: 47473676 | V46: 18472229 | W46: 19833713 | X46: 14392877 | Z46: 6806171.2 | AA46: 3703231.8 | AB46: 5004259 | AC46: 7262918.3 | AE46: 7642300.2 | AF46: 2921141.8 | AG46: 1206883.9 | AH46: 17132072 | AI46: 2935837.7 | AJ46: 536089.75 | AK46: 2195084 | AL46: 1034433.8 | AM46: 313319.27 | AQ46: 1054905.7 | AS46: 1831835.5 | AT46: 769913.99 | AU46: 3161336 | AV46: 2440240 | AW46: 1855256.2 | AX46: 1026159.7 | BA46: 937937.05 | BB46: 780179.13 | BC46: 1287353.8 | BD46: 748506.73 | BG46: 599541.78 | BK46: 407972.14 | BL46: 635489.62 | BM46: 484498.76 | BO46: 286684.85 | BR46: 155025.89 | BS46: 468365.99 | BT46: 285502.31 | BU46: 131381.37 | BV46: 1357367.3 | BW46: 636145.89 | BX46: 346951.99 | BZ46: 858297.28 | CB46: 161280.81 | CC46: 597603.77 | CD46: 330770 | CE46: 102818.16 | CF46: 155643.97 | CG46: 433167.75 | CI46: 43210.169 | CJ46: 128215.02 | CN46: 120271.87 | CO46: 647750.33 | CT46: 272483.63 | CU46: 25389.914 | CV46: 70502.311 | CX46: 173725.95 | DA46: 110658.13 | DC46: 54517.833 | DD46: 103885.92 | DF46: 18226.368 | DH46: 12510.189 | DL46: 26423.812 | DN46: 77033.605 | DP46: 8002.2165 | DR46: 11093.418 | DS46: 20122.796 | DT46: 24736.784 | DY46: 34343.985 | DZ46: 20355.948 | EA46: 25.0096 | EC46: 12765.683 | ED46: 20358.623 | EF46: 10148.755 | EH46: 11356.335 | EJ46: 10011.416 | EM46: 11928.6 | ER46: 6081.4414 | ES46: 6332.1218 | ET46: 21809.649 | EV46: 1396.1822 | GA46: 0 | GE46: 0 | GF46: 628.6 | GG46: 0
A47: 46118 | B47: 5.7366617e+09 | C47: 2.2250452e+09 | D47: 1.5273746e+09 | E47: 7.6071099e+08 | F47: 3.1024463e+08 | G47: 1.720784e+08 | H47: 1.8877629e+08 | I47: 11959281 | K47: 38160316 | L47: 77424038 | M47: 41246014 | N47: 48483136 | O47: 17813606 | P47: 43513864 | Q47: 13040289 | R47: 1.3181592e+08 | S47: 10207163 | T47: 13398413 | U47: 15067177 | V47: 11774764 | W47: 9018337.3 | X47: 328953.92 | Z47: 5388369.6 | AA47: 1837215.8 | AB47: 3550769.1 | AC47: 4651036.7 | AE47: 3675279.4 | AF47: 2659314.9 | AG47: 1019978.4 | AH47: 786672.21 | AI47: 11156366 | AJ47: 449798.63 | AK47: 1764801.3 | AL47: 978669.46 | AM47: 184753.21 | AQ47: 339544.44 | AS47: 12583101 | AT47: 808167.31 | AU47: 1460881.3 | AV47: 1106634.8 | AW47: 1743770 | AX47: 596891.03 | BA47: 402640.19 | BB47: 267348.08 | BC47: 1441935 | BD47: 580224.58 | BG47: 873531.41 | BK47: 882481.74 | BL47: 335770.99 | BM47: 360271.66 | BO47: 131329.12 | BR47: 1964713.4 | BS47: 262162.88 | BT47: 75815.715 | BU47: 158544.89 | BV47: 426785.23 | BW47: 453775.82 | BX47: 277292.62 | BZ47: 1104116.2 | CB47: 292088.26 | CC47: 356222.85 | CD47: 214780.56 | CE47: 78866.049 | CF47: 142422.81 | CG47: 55048.318 | CI47: 32715.059 | CJ47: 159707.66 | CN47: 135264.86 | CO47: 14261.613 | CT47: 75962.218 | CU47: 33603.679 | CV47: 68164.233 | CX47: 198238.24 | DA47: 77121.015 | DC47: 47238.041 | DD47: 49028.331 | DF47: 34213.018 | DH47: 11700.229 | DL47: 25906.171 | DN47: 48129.389 | DP47: 32216.135 | DR47: 11352.547 | DS47: 20428.817 | DT47: 23726.807 | DY47: 25083.512 | DZ47: 22800.495 | EA47: 206.8132 | EC47: 14288.579 | ED47: 24098.555 | EF47: 10359.985 | EH47: 6387.3342 | EJ47: 3215.4588 | EM47: 6515.1414 | ER47: 44571 | ES47: 4687.631 | ET47: 5153.5491 | EV47: 1939.3793 | GA47: 31809.831 | GE47: 0 | GF47: 0 | GG47: 0
A48: 46117 | B48: 2.061762e+09 | C48: 1.126053e+09 | D48: 3.9440992e+08 | E48: 2.9420135e+08 | F48: 93648691 | G48: 14299171 | H48: 22291757 | I48: 980186.77 | K48: 9744712.1 | L48: 13481554 | M48: 2391873.6 | N48: 5755551.4 | O48: 4947799.1 | P48: 4142903.4 | Q48: 5010326.2 | R48: 6812494.1 | S48: 7078685.2 | T48: 1523773 | U48: 4617672.5 | V48: 3689387.9 | W48: 1922584.2 | X48: 92703.06 | Z48: 5417860.2 | AA48: 1194535.7 | AB48: 2499482.1 | AC48: 643506.31 | AE48: 2579121 | AF48: 158188.25 | AG48: 2102363.7 | AH48: 313588.45 | AI48: 4165860.9 | AJ48: 71098.916 | AK48: 961349.95 | AL48: 159060.91 | AM48: 14153.91 | AQ48: 129714.01 | AS48: 12696158 | AT48: 268545.47 | AU48: 265443.57 | AV48: 426874.99 | AW48: 222142.92 | AX48: 182156.39 | BA48: 183929.55 | BB48: 19907.234 | BC48: 541570.41 | BD48: 107992.84 | BG48: 102244.47 | BK48: 235588.39 | BL48: 24980.905 | BM48: 129789.11 | BO48: 20442.115 | BR48: 4832547.3 | BS48: 21670.578 | BT48: 2030296.9 | BU48: 250594.25 | BV48: 150071.3 | BW48: 48271.969 | BX48: 84353.263 | BZ48: 43551.728 | CB48: 14083.828 | CC48: 24286.401 | CD48: 6817.4293 | CE48: 4422.4755 | CF48: 312505.26 | CG48: 46848.646 | CI48: 176460.65 | CJ48: 9510.2203 | CN48: 340863.16 | CO48: 9815.5766 | CT48: 9547.4633 | CU48: 7458.849 | CV48: 34270.111 | CX48: 54405.627 | DA48: 52798.863 | DC48: 16135.054 | DD48: 27954.245 | DF48: 13245.008 | DH48: 8818.4109 | DL48: 22061.056 | DN48: 19894.754 | DP48: 6394.4418 | DR48: 11795.912 | DS48: 20408.59 | DT48: 22800.567 | DY48: 25234.422 | DZ48: 6375.81 | EA48: 1193.2557 | EC48: 12629.025 | ED48: 4109.4987 | EF48: 16462.424 | EH48: 4620.8228 | EJ48: 4060.58 | EM48: 5655.2608 | ER48: 4212.0893 | ES48: 4754.784 | ET48: 4058.3452 | EV48: 0 | GA48: 0 | GE48: 0 | GF48: 0 | GG48: 0
A49: 46116 | B49: 5.7737001e+08 | C49: 3.3755875e+08 | D49: 43008507 | E49: 58515951 | F49: 22126157 | G49: 6365027.2 | H49: 14689438 | I49: 408471.97 | K49: 27562964 | L49: 3642054.8 | M49: 1338264.6 | N49: 2072974.1 | O49: 1647419.2 | P49: 1657538.9 | Q49: 895587.46 | R49: 873428.28 | S49: 977210.97 | T49: 885455.66 | U49: 1633725.6 | V49: 1749438.1 | W49: 619253.42 | X49: 62840.042 | Z49: 2746478.6 | AA49: 750208.92 | AB49: 1113860 | AC49: 509863.64 | AE49: 1297640.2 | AF49: 123550.89 | AG49: 4082261.6 | AH49: 97254.06 | AI49: 2060636.6 | AJ49: 43465.969 | AK49: 298634.49 | AL49: 64155.958 | AM49: 92664.538 | AQ49: 37088.879 | AS49: 26652083 | AT49: 327238.42 | AU49: 163320.67 | AV49: 166205.63 | AW49: 58507.45 | AX49: 149144.67 | BA49: 368788.67 | BB49: 8456.3866 | BC49: 821167.31 | BD49: 9858.0772 | BG49: 16251.058 | BK49: 20068.197 | BL49: 2651.04 | BM49: 190496.79 | BO49: 11070.279 | BR49: 2102555.1 | BS49: 505996.01 | BT49: 12279.738 | BU49: 80347.836 | BV49: 17955.717 | BW49: 1096116.3 | BX49: 48925.847 | BZ49: 64944.361 | CB49: 47518.709 | CC49: 13041.305 | CD49: 2399.5356 | CE49: 4337.5808 | CF49: 643593.18 | CG49: 24926.119 | CI49: 304387.87 | CJ49: 6971.8927 | CN49: 1242775.9 | CO49: 15404.614 | CT49: 4729.1076 | CU49: 5602.517 | CV49: 49351.255 | CX49: 49357.735 | DA49: 11203.914 | DC49: 21671.475 | DD49: 12915.538 | DF49: 19456.154 | DH49: 9083.568 | DL49: 22070.89 | DN49: 72240.58 | DP49: 8260.8386 | DR49: 7764.579 | DS49: 74440.449 | DT49: 18134.899 | DY49: 40016.564 | DZ49: 19670.192 | EA49: 0 | EC49: 9458.1555 | ED49: 3322.9682 | EF49: 11688.985 | EH49: 68363.345 | EJ49: 3205.3015 | EM49: 6331.2944 | ER49: 4139.5125 | ES49: 5713.0884 | ET49: 3818.8385 | EV49: 0 | GA49: 0 | GE49: 0 | GF49: 0 | GG49: 0
A50: 46115 | B50: 9.0426428e+08 | C50: 4.6360074e+08 | D50: 79986153 | E50: 1.5120805e+08 | F50: 49221830 | G50: 20991921 | H50: 33362548 | I50: 1282794.2 | K50: 9593125.7 | L50: 8794666.6 | M50: 2859002.2 | N50: 3988682.9 | O50: 3596555.7 | P50: 5257507 | Q50: 1372008 | R50: 20520283 | S50: 1762474.1 | T50: 5059897.1 | U50: 4301732.1 | V50: 2364478.8 | W50: 1772511.9 | X50: 80428.662 | Z50: 1236147.2 | AA50: 2582193.7 | AB50: 2253655.6 | AC50: 926053.68 | AE50: 752502.22 | AF50: 121186.66 | AG50: 3107052.1 | AH50: 259250.15 | AI50: 1094702.6 | AJ50: 88827.084 | AK50: 795362.77 | AL50: 66919.539 | AM50: 7344.4849 | AQ50: 24580.637 | AS50: 10765602 | AT50: 488618.22 | AU50: 1070569.2 | AV50: 158079.92 | AW50: 288061.53 | AX50: 547490.48 | BA50: 762478.16 | BB50: 13350.485 | BC50: 830715.99 | BD50: 44006.896 | BG50: 31258.095 | BK50: 33974.805 | BL50: 2875.5464 | BM50: 292204.26 | BO50: 8077.2956 | BR50: 96352.648 | BS50: 8941.0713 | BT50: 1219805.9 | BU50: 112484.18 | BV50: 37417.077 | BW50: 207028.31 | BX50: 444409.04 | BZ50: 18102.52 | CB50: 9244.3975 | CC50: 14247.176 | CD50: 4751.4245 | CE50: 4974.3882 | CF50: 321306.72 | CG50: 32543.706 | CI50: 30940.064 | CJ50: 17150.434 | CN50: 1446736.5 | CO50: 90746.738 | CT50: 12096.307 | CU50: 6606.644 | CV50: 54565.357 | CX50: 93115.312 | DA50: 17144.72 | DC50: 14984.012 | DD50: 11141.499 | DF50: 29303.889 | DH50: 10071.186 | DL50: 22358.309 | DN50: 25854.607 | DP50: 7198.4377 | DR50: 8212.9634 | DS50: 20311.513 | DT50: 21930.195 | DY50: 19617.192 | DZ50: 10566.739 | EA50: 0 | EC50: 11046.621 | ED50: 10497.867 | EF50: 23798.886 | EH50: 11197.668 | EJ50: 10751.31 | EM50: 13191.143 | ER50: 4570.0435 | ES50: 5663.9933 | ET50: 6272.9259 | EV50: 2764.75 | GA50: 31732.56 | GE50: 0 | GF50: 0 | GG50: 0
A51: 46114 | B51: 1.070065e+10 | C51: 5.3026871e+09 | D51: 2.988501e+09 | E51: 1.0553958e+09 | F51: 3.9354528e+08 | G51: 2.1522654e+08 | H51: 2.2015952e+08 | I51: 21516961 | K51: 66612434 | L51: 70541440 | M51: 56207705 | N51: 54358994 | O51: 30315847 | P51: 37825676 | Q51: 13726578 | R51: 14264868 | S51: 18159604 | T51: 20954757 | U51: 22276226 | V51: 18414768 | W51: 10203409 | X51: 396193.95 | Z51: 11372311 | AA51: 4615846.8 | AB51: 4706099.7 | AC51: 3424367.4 | AE51: 6858754.1 | AF51: 1952943 | AG51: 3285740.6 | AH51: 1492558.1 | AI51: 1608609.9 | AJ51: 854721.24 | AK51: 1792250 | AL51: 1688803.1 | AM51: 1076121.3 | AQ51: 858461.81 | AS51: 105699.16 | AT51: 1297646.2 | AU51: 2164325.1 | AV51: 1510516 | AW51: 1520151.2 | AX51: 1104785.7 | BA51: 238089.71 | BB51: 694633.78 | BC51: 1280158.4 | BD51: 1099910.9 | BG51: 720995.41 | BK51: 1144689 | BL51: 577297.79 | BM51: 247534.37 | BO51: 124038.85 | BR51: 120975.83 | BS51: 455508.02 | BT51: 1966771.7 | BU51: 113114.15 | BV51: 730046.06 | BW51: 647554.76 | BX51: 274277.62 | BZ51: 609651.24 | CB51: 528846.64 | CC51: 92758.777 | CD51: 440675.11 | CE51: 1427430.2 | CF51: 94401.161 | CG51: 530091.75 | CI51: 23749.515 | CJ51: 257746.57 | CN51: 181285.98 | CO51: 124809.52 | CT51: 215175.3 | CU51: 23485.302 | CV51: 72673.268 | CX51: 66749.526 | DA51: 97767.236 | DC51: 53559.476 | DD51: 76618.666 | DF51: 124592.22 | DH51: 24547.93 | DL51: 49477.178 | DN51: 58827.627 | DP51: 18177.437 | DR51: 26998.195 | DS51: 56125.393 | DT51: 60276.105 | DY51: 51624.379 | DZ51: 39933.378 | EA51: 0 | EC51: 28032.37 | ED51: 13789.768 | EF51: 33288.873 | EH51: 17229.031 | EJ51: 12668.975 | EM51: 27729.034 | ER51: 25168.592 | ES51: 18393.856 | ET51: 22829.497 | EV51: 5755.1315 | GA51: 0 | GE51: 0 | GF51: 0 | GG51: 0
A52: 46113 | B52: 6.5058507e+09 | C52: 3.2680858e+09 | D52: 2.041359e+09 | E52: 2.8661902e+08 | F52: 87198078 | G52: 2.000513e+08 | H52: 1.6034081e+08 | I52: 18274067 | K52: 44629437 | L52: 62087558 | M52: 48126292 | N52: 64560776 | O52: 27931315 | P52: 28447982 | Q52: 9053685.6 | R52: 20704272 | S52: 17994564 | T52: 21712544 | U52: 18869276 | V52: 16874748 | W52: 5060080.8 | X52: 390075.05 | Z52: 7826078.4 | AA52: 3483558.9 | AB52: 2872422.3 | AC52: 2215187 | AE52: 4913683 | AF52: 953529.88 | AG52: 3445605.3 | AH52: 739214.97 | AI52: 585827.82 | AJ52: 826515.71 | AK52: 1257664.4 | AL52: 1911468.7 | AM52: 1019724.4 | AQ52: 659332.7 | AS52: 115077.81 | AT52: 1618193.4 | AU52: 1521806.5 | AV52: 1150883.5 | AW52: 1747851.5 | AX52: 972350.37 | BA52: 228575.64 | BB52: 802696.31 | BC52: 567420.41 | BD52: 2018067.6 | BG52: 646654.13 | BK52: 418767.11 | BL52: 2746834.8 | BM52: 326563.66 | BO52: 152846.31 | BR52: 157195.74 | BS52: 1482347.3 | BT52: 2328960.5 | BU52: 44626.754 | BV52: 204113.26 | BW52: 353094.91 | BX52: 303518.65 | BZ52: 594969.59 | CB52: 492451.98 | CC52: 185706.59 | CD52: 392041.97 | CE52: 466722.53 | CF52: 215559.57 | CG52: 67914.616 | CI52: 24902.341 | CJ52: 96549.487 | CN52: 406196 | CO52: 171597.41 | CT52: 201584.73 | CU52: 22290.775 | CV52: 198524.24 | CX52: 280813.97 | DA52: 105306.08 | DC52: 58510.441 | DD52: 99779.259 | DF52: 71373.77 | DH52: 28290.705 | DL52: 65578.911 | DN52: 60608.599 | DP52: 23872.93 | DR52: 26831.334 | DS52: 63546.162 | DT52: 59250.587 | DY52: 31950.604 | DZ52: 143807.09 | EA52: 21832.38 | EC52: 28403.612 | ED52: 16272.113 | EF52: 34499.111 | EH52: 13972.39 | EJ52: 6606.2243 | EM52: 20828.576 | ER52: 18261.344 | ES52: 18735.832 | ET52: 16626.917 | EV52: 9160.4053 | GA52: 0 | GE52: 0 | GF52: 0 | GG52: 0
A53: 46112 | B53: 7.5774248e+09 | C53: 3.4588332e+09 | D53: 2.904265e+09 | E53: 1.5008645e+08 | G53: 2.8801627e+08 | H53: 1.9311496e+08 | I53: 30784274 | K53: 66073172 | L53: 77182907 | M53: 26863259 | N53: 1.1426777e+08 | O53: 19897802 | P53: 49890648 | R53: 19782347 | S53: 16326908 | T53: 26784006 | U53: 27025205 | V53: 23635078 | W53: 8105117.6 | X53: 265151.38 | Z53: 15712900 | AA53: 4955827.6 | AB53: 2888003.4 | AC53: 2355103.8 | AE53: 5876637.4 | AF53: 1581948.1 | AG53: 2975844.1 | AH53: 1622963.7 | AI53: 664971.04 | AJ53: 957440.11 | AK53: 1202873.6 | AL53: 2259035.6 | AM53: 832741.8 | AQ53: 708125.81 | AS53: 83739.76 | AT53: 1172838.6 | AU53: 2430247 | AV53: 1536016.5 | AW53: 2729620.4 | AX53: 1146646.1 | BA53: 532642.27 | BB53: 1531990.3 | BC53: 440701.87 | BD53: 2088454.9 | BG53: 686486.87 | BK53: 1750809.3 | BL53: 905994.38 | BM53: 316736.19 | BO53: 767733.5 | BR53: 198672.52 | BS53: 723073.84 | BT53: 1632757.9 | BU53: 96062.85 | BV53: 691191.95 | BW53: 2855180.6 | BX53: 240165.47 | BZ53: 435380.19 | CB53: 1240270.8 | CC53: 484639.4 | CD53: 586308.12 | CE53: 1604992.4 | CF53: 126004.67 | CG53: 76279.064 | CI53: 27415.824 | CJ53: 202457.78 | CN53: 267541.35 | CO53: 418721.47 | CT53: 84514.402 | CU53: 28473.003 | CV53: 78816.99 | CX53: 45894.832 | DA53: 166668.47 | DC53: 106190.56 | DD53: 142997.51 | DF53: 67211.252 | DH53: 30596.447 | DL53: 74577.282 | DN53: 61164.817 | DP53: 21411.103 | DR53: 29302.131 | DS53: 64686.954 | DT53: 72990.281 | DY53: 134783.47 | DZ53: 146444.93 | EA53: 0 | EC53: 31077.461 | ED53: 38929.119 | EF53: 40741.194 | EH53: 15711.341 | EJ53: 4228.9979 | EM53: 20606.86 | ER53: 33422.912 | ES53: 23455.902 | ET53: 24691.285 | EV53: 5975.349 | GA53: 0 | GE53: 7506 | GF53: 0 | GG53: 0
A54: 46111 | B54: 6.2587331e+09 | C54: 3.2072872e+09 | D54: 2.1619266e+09 | E54: 1.0153553e+08 | G54: 2.1218862e+08 | H54: 1.9103876e+08 | I54: 12620035 | K54: 35294235 | L54: 56006973 | M54: 16006708 | N54: 62254790 | O54: 11758070 | P54: 31516439 | R54: 16723637 | S54: 12237517 | T54: 13392177 | U54: 17353557 | V54: 18303919 | W54: 5339303 | X54: 270607.18 | Z54: 10900317 | AA54: 4344763.2 | AB54: 4444751.2 | AC54: 1132793.6 | AE54: 4368707.4 | AF54: 1114172.1 | AG54: 7894952.7 | AH54: 1303645.9 | AI54: 2892958.2 | AJ54: 1093426.8 | AK54: 2036732.8 | AL54: 1582566.3 | AM54: 2691829.3 | AQ54: 511913.82 | AS54: 85555.309 | AT54: 702525.04 | AU54: 3507551.8 | AV54: 1675445.4 | AW54: 2511803.5 | AX54: 597763.21 | BA54: 692027.82 | BB54: 1573618.3 | BC54: 239240.7 | BD54: 1231077.2 | BG54: 2590883.1 | BK54: 2609602.9 | BL54: 976377.7 | BM54: 251140.68 | BO54: 339091.26 | BR54: 127209.25 | BS54: 882552.22 | BT54: 1206247.8 | BU54: 70724.462 | BW54: 728229.54 | BX54: 117719.15 | BZ54: 568307.3 | CB54: 1366980.1 | CC54: 307686.12 | CD54: 1428099.8 | CE54: 238022.02 | CF54: 246334.28 | CG54: 88331.349 | CI54: 76215.616 | CJ54: 206121.25 | CN54: 292926.11 | CO54: 148571.89 | CT54: 452382.86 | CU54: 25123.893 | CV54: 53951.975 | CX54: 100324.46 | DA54: 72055.384 | DC54: 58566.151 | DD54: 73059.148 | DF54: 97004.249 | DH54: 30080.941 | DL54: 82707.432 | DN54: 63483.157 | DP54: 19312.961 | DR54: 26039.54 | DS54: 67139.44 | DT54: 76564.468 | DY54: 34595.293 | DZ54: 33713.583 | EA54: 0 | EC54: 28926.658 | ED54: 49448.356 | EF54: 48639.226 | EH54: 13242.182 | EJ54: 8727.9237 | EM54: 19323.133 | ER54: 15290.231 | ES54: 26477.648 | ET54: 15487.888 | EV54: 89301.588 | GA54: 0 | GE54: 0 | GF54: 0 | GG54: 0
A55: 46110 | B55: 1.6744291e+09 | C55: 9.4465924e+08 | D55: 4.5867895e+08 | E55: 62457084 | G55: 14558444 | H55: 43792651 | I55: 1625830 | K55: 5146107.9 | L55: 12709274 | M55: 1867766.1 | N55: 5901208.6 | O55: 3378475.8 | P55: 2178539.6 | R55: 14286827 | S55: 41546198 | T55: 713246.39 | U55: 5124887.2 | V55: 4883749.9 | W55: 1213825.3 | X55: 98707.371 | Z55: 3916140.9 | AA55: 718594.58 | AB55: 1699553.5 | AC55: 436499.28 | AE55: 1314861.9 | AF55: 869338.56 | AG55: 10842377 | AH55: 87990.493 | AI55: 5868099.7 | AJ55: 2001586.9 | AK55: 2342286.5 | AL55: 1316241 | AM55: 304324.43 | AQ55: 106848.35 | AS55: 53504.562 | AT55: 683156.46 | AU55: 425357.44 | AV55: 244468.13 | AW55: 303012.03 | AX55: 1221722.9 | BA55: 879253.33 | BB55: 222050.1 | BC55: 213927.57 | BD55: 15660.995 | BG55: 1207129.5 | BK55: 2137588.1 | BL55: 47901.906 | BM55: 303199.52 | BO55: 3105233.3 | BR55: 75557.789 | BS55: 70114.145 | BT55: 1701177.9 | BU55: 63195.216 | BW55: 399147.63 | BX55: 140182.64 | BZ55: 40000.082 | CB55: 1268659 | CC55: 25795.424 | CD55: 1054539.1 | CE55: 206435.94 | CF55: 19511.087 | CG55: 73828.476 | CI55: 298701.51 | CJ55: 26552.513 | CN55: 174892.01 | CO55: 13933.786 | CT55: 106969.63 | CU55: 18409.924 | CV55: 64051.472 | CX55: 75898.924 | DA55: 71224.656 | DC55: 44326.215 | DD55: 95198.656 | DF55: 43909.453 | DH55: 26680.596 | DL55: 67321.219 | DN55: 77656.789 | DP55: 19072.165 | DR55: 25789.436 | DS55: 60434.2 | DT55: 59354.762 | DY55: 28840.347 | DZ55: 19218.529 | EA55: 0 | EC55: 29650.987 | ED55: 12757.954 | EF55: 33863.751 | EH55: 11108.757 | EJ55: 11356.887 | EM55: 19350.244 | ER55: 13742.344 | ES55: 14679.954 | ET55: 13457.636 | EV55: 3648.1851 | GA55: 0 | GE55: 0 | GF55: 0 | GG55: 0
A56: 46109 | B56: 5.5438115e+08 | C56: 2.8945769e+08 | D56: 69372912 | E56: 22790372 | G56: 14399336 | H56: 32338806 | I56: 2032276.3 | K56: 5251553.2 | L56: 10825632 | M56: 1773548 | N56: 5180507.2 | O56: 1610740.4 | P56: 2066948.3 | R56: 8786068.2 | S56: 35931016 | T56: 1415320.1 | U56: 3428226.1 | V56: 8453374.9 | W56: 821833.56 | X56: 55580.589 | Z56: 3167058.5 | AA56: 733404.46 | AB56: 585565.92 | AC56: 397618.79 | AE56: 478873.88 | AF56: 1165455.2 | AG56: 2317116.4 | AH56: 113147.26 | AI56: 3169187.7 | AJ56: 2013635.2 | AK56: 1282863.2 | AL56: 762151.87 | AM56: 712011.12 | AQ56: 115307.26 | AS56: 22516.705 | AT56: 381076.43 | AU56: 254269.03 | AV56: 112212.79 | AW56: 467196.97 | AX56: 1583643.5 | BA56: 1321499.7 | BB56: 1356355.9 | BC56: 250292.28 | BD56: 82746.694 | BG56: 416458.69 | BK56: 957547.05 | BL56: 152028.41 | BM56: 212746.91 | BO56: 2278596.3 | BR56: 40174.736 | BS56: 24314.15 | BT56: 750475.03 | BU56: 41096.843 | BW56: 58996.846 | BX56: 322160.42 | BZ56: 2318351.8 | CB56: 1330343.2 | CC56: 26141.07 | CD56: 2057534.3 | CE56: 803164.46 | CF56: 246069.12 | CG56: 98362.528 | CI56: 122227.84 | CJ56: 201541.72 | CN56: 501508.16 | CO56: 26354.537 | CT56: 1672451.9 | CU56: 18546.813 | CV56: 50078.075 | CX56: 78098.406 | DA56: 36016.175 | DC56: 81002.116 | DD56: 32386.005 | DF56: 31971.798 | DH56: 28258.646 | DL56: 75604.986 | DN56: 57832.282 | DP56: 19355.526 | DR56: 35241.74 | DS56: 71007.016 | DT56: 66344.91 | DY56: 25839.095 | DZ56: 21064.742 | EA56: 0 | EC56: 28815.179 | ED56: 11832.336 | EF56: 35530.006 | EH56: 12279.12 | EJ56: 1911.021 | EM56: 20134.232 | ER56: 17991.355 | ES56: 15053.587 | ET56: 13366.656 | EV56: 0 | GA56: 0 | GE56: 0 | GF56: 0 | GG56: 0
A57: 46108 | B57: 6.4977266e+09 | C57: 3.0332778e+09 | D57: 2.6686808e+09 | E57: 52463602 | G57: 1.996288e+08 | H57: 1.6916113e+08 | I57: 7820255.9 | K57: 36986607 | L57: 79708091 | M57: 20605621 | N57: 57225717 | O57: 14120971 | P57: 16333959 | R57: 13387990 | S57: 24272716 | T57: 13830217 | U57: 14019941 | V57: 10735459 | W57: 4063015.7 | X57: 164742.56 | Z57: 8790552.3 | AA57: 3328063.4 | AB57: 2510400.9 | AC57: 3470397.5 | AE57: 3990962.9 | AF57: 1186354.7 | AG57: 2369056.3 | AH57: 521607.82 | AI57: 890849.32 | AJ57: 942250.48 | AK57: 1530767 | AL57: 1983921.3 | AM57: 895148.02 | AQ57: 672790.37 | AS57: 65053.836 | AT57: 1071561.7 | AU57: 2863569.8 | AV57: 1010528.3 | AW57: 1865035.2 | AX57: 692432.2 | BA57: 194819.15 | BB57: 1342718.8 | BC57: 1301812.6 | BD57: 1928021.1 | BG57: 969653.26 | BK57: 1575049.1 | BL57: 782460.24 | BM57: 264862.33 | BO57: 659380.48 | BR57: 225119.57 | BS57: 132845.08 | BT57: 214211.95 | BU57: 39701.153 | BW57: 910361.16 | BX57: 836423.92 | BZ57: 1696864.7 | CB57: 540665.32 | CC57: 40736.629 | CD57: 1895178.9 | CE57: 1303779.8 | CF57: 826868.15 | CG57: 93022.271 | CI57: 65294.985 | CJ57: 780054.07 | CN57: 174202.74 | CO57: 165083.48 | CT57: 272160.37 | CU57: 21218.803 | CV57: 91701.125 | CX57: 74656.083 | DA57: 63389.316 | DC57: 173416.86 | DD57: 116606.61 | DF57: 130027.66 | DH57: 35514.416 | DL57: 85173.871 | DN57: 82957.31 | DP57: 19553.076 | DR57: 31086.642 | DS57: 78086.161 | DT57: 69204.102 | DY57: 35294.625 | DZ57: 57149.319 | EA57: 0 | EC57: 33265.894 | ED57: 14504.331 | EF57: 36037.464 | EH57: 12903.408 | EJ57: 15116.778 | EM57: 19930.916 | ER57: 17727.502 | ES57: 17181.909 | ET57: 18852.348 | EV57: 5935.8103 | GA57: 0 | GE57: 0 | GF57: 0 | GG57: 0
A58: 46107 | B58: 8.9515403e+09 | C58: 4.4833781e+09 | D58: 3.7605502e+09 | E58: 62830503 | G58: 1.4841311e+08 | H58: 1.3686076e+08 | I58: 7455235.6 | K58: 23284597 | L58: 54678304 | M58: 19937262 | N58: 47244895 | O58: 18257978 | P58: 16967277 | R58: 10376168 | S58: 41723237 | T58: 16664837 | U58: 16833903 | V58: 11075007 | W58: 4481743.7 | X58: 199563.18 | Z58: 11548858 | AA58: 2439871.8 | AB58: 5761504.9 | AC58: 957538.1 | AE58: 5934550.9 | AF58: 1236826.2 | AG58: 2537956.1 | AH58: 480212.13 | AI58: 904252.52 | AJ58: 796869.23 | AK58: 1086856.1 | AL58: 1819536.1 | AM58: 3128915.8 | AQ58: 834912.07 | AS58: 288671.37 | AT58: 1124277 | AU58: 2223111.8 | AV58: 1128550.3 | AW58: 2469157.7 | AX58: 628011.62 | BA58: 182257.77 | BB58: 2862059.1 | BC58: 504517.42 | BD58: 3276335.4 | BG58: 1767777.9 | BK58: 759433.73 | BL58: 361570.86 | BM58: 82139.898 | BO58: 1014834.9 | BR58: 52300.524 | BS58: 120813.23 | BT58: 369137.27 | BU58: 140677.02 | BW58: 221683 | BX58: 255130.93 | BZ58: 819393.44 | CB58: 324070.16 | CC58: 119341.01 | CD58: 1573394.9 | CE58: 2098254.1 | CF58: 291700.92 | CG58: 84204.889 | CI58: 166902.15 | CJ58: 958558.47 | CN58: 1010378 | CO58: 174459.96 | CT58: 2104443 | CU58: 26900.229 | CV58: 93663.476 | CX58: 63089.719 | DA58: 75904.454 | DC58: 60978.493 | DD58: 88156.932 | DF58: 118709.13 | DH58: 40884.367 | DL58: 80257.655 | DN58: 169864.09 | DP58: 23775.252 | DR58: 27440.887 | DS58: 67864.496 | DT58: 78026.043 | DY58: 30960.661 | DZ58: 47809.81 | EA58: 936.802 | EC58: 29143.697 | ED58: 16255.99 | EF58: 37320.328 | EH58: 15022.044 | EJ58: 8496.3443 | EM58: 21705.115 | ER58: 17973.119 | ES58: 20011.669 | ET58: 40293.722 | EV58: 0 | GA58: 0 | GE58: 0 | GF58: 0 | GG58: 0
A59: 46106 | B59: 6.7227401e+09 | C59: 3.4960865e+09 | D59: 2.4273002e+09 | E59: 64624860 | G59: 2.6817824e+08 | H59: 1.2503572e+08 | I59: 10493386 | K59: 20115093 | L59: 68150362 | M59: 29244277 | N59: 44822221 | O59: 17188133 | P59: 24132583 | R59: 8382232.5 | S59: 24759927 | T59: 13591349 | U59: 15316335 | V59: 5848800.1 | W59: 2405037.3 | X59: 140089.02 | Z59: 4277780.9 | AA59: 3371770.8 | AB59: 4049781.4 | AC59: 1071456.1 | AE59: 4012009.6 | AF59: 1056318 | AG59: 3465922.9 | AH59: 1499588.1 | AI59: 1424230.9 | AJ59: 1204438.3 | AK59: 1737823.8 | AL59: 643489.62 | AM59: 2207388.3 | AQ59: 407729.1 | AS59: 5201.6838 | AT59: 698875.85 | AU59: 3134658 | AV59: 445325.7 | AW59: 2258935.6 | AX59: 786978.31 | BA59: 1125930.7 | BB59: 793231.82 | BC59: 416353.24 | BD59: 1376513.6 | BG59: 2190617.4 | BK59: 340862.21 | BL59: 428857.71 | BM59: 121847.1 | BO59: 588106.25 | BR59: 110849.37 | BS59: 175956.22 | BT59: 113714.93 | BU59: 153277.35 | BW59: 2333556.5 | BX59: 384290.97 | BZ59: 499689.25 | CB59: 1096077.6 | CC59: 168642.98 | CD59: 624167.98 | CE59: 1463561 | CF59: 168308.98 | CG59: 139595.78 | CI59: 24662.614 | CJ59: 331158.61 | CN59: 1060060 | CO59: 588333.25 | CT59: 1077003 | CU59: 36335.642 | CV59: 42910.849 | CX59: 31954.83 | DA59: 82326.745 | DC59: 57224.685 | DD59: 61604.828 | DF59: 208135.35 | DH59: 38927.702 | DL59: 82876.51 | DN59: 59703.092 | DP59: 23417.015 | DR59: 62376.6 | DS59: 67721.639 | DT59: 68502.54 | DY59: 39518.431 | DZ59: 70617.801 | EA59: 21943.68 | EC59: 32595.175 | ED59: 19320.086 | EF59: 39687.177 | EH59: 33358.535 | EJ59: 4738.5235 | EM59: 27192.148 | ER59: 14355.428 | ES59: 19168.956 | ET59: 23235.581 | EV59: 0 | GA59: 0 | GE59: 0 | GF59: 0 | GG59: 0
A60: 46105 | B60: 9.1846861e+09 | C60: 5.0011142e+09 | D60: 3.1651744e+09 | E60: 79051035 | G60: 3.7211825e+08 | H60: 1.6709348e+08 | I60: 12984846 | K60: 20737586 | L60: 65189087 | M60: 20452638 | N60: 78084535 | O60: 25824428 | P60: 22806008 | R60: 9424568.7 | S60: 32309113 | T60: 22131190 | U60: 18147741 | V60: 2910145.6 | W60: 5612298.5 | X60: 93406.94 | Z60: 3887272.8 | AA60: 3543490.6 | AB60: 8568722.8 | AC60: 1258741.9 | AE60: 6178844.6 | AF60: 1904426.3 | AG60: 1113654.4 | AH60: 1359473.2 | AI60: 1582211.9 | AJ60: 488993.25 | AK60: 2414932.5 | AL60: 530223.12 | AM60: 2835574.9 | AQ60: 334407.54 | AS60: 20535.989 | AT60: 1231575.9 | AU60: 3139741.1 | AV60: 1380906.8 | AW60: 5159516.8 | AX60: 2032757.2 | BA60: 199570.68 | BB60: 1768478.9 | BC60: 473039.56 | BD60: 2185373.1 | BG60: 850110.56 | BK60: 604171.54 | BL60: 810407.71 | BM60: 173741.85 | BO60: 786322.97 | BR60: 187493.15 | BS60: 116646.02 | BT60: 143058.43 | BU60: 296291.24 | BW60: 1086474.6 | BX60: 200309.39 | BZ60: 247353.23 | CB60: 163422.59 | CC60: 113841.49 | CD60: 252138.36 | CF60: 453390.39 | CG60: 137491.24 | CI60: 63768.766 | CJ60: 187011.52 | CN60: 1184788.4 | CO60: 629350.61 | CU60: 27933.651 | CV60: 65672.526 | CX60: 76581.365 | DA60: 69031.054 | DC60: 70043.393 | DD60: 81409.601 | DF60: 61278.385 | DH60: 31537.765 | DL60: 75196.823 | DN60: 93891.12 | DP60: 20488.031 | DR60: 30903.51 | DS60: 70478.838 | DT60: 67093.726 | DY60: 57360.351 | DZ60: 34534.479 | EA60: 569.5194 | EC60: 35483.124 | ED60: 18944.003 | EF60: 41823.917 | EH60: 15125.985 | EJ60: 9670.8874 | EM60: 23934.978 | ER60: 17374.156 | ES60: 32444.955 | ET60: 17441.557 | EV60: 880.4068 | GA60: 0 | GE60: 0 | GF60: 0 | GG60: 0
A61: 46104 | B61: 1.818161e+10 | C61: 1.1778857e+10 | D61: 5.270825e+09 | E61: 1.076218e+08 | G61: 2.2206569e+08 | H61: 2.400543e+08 | I61: 17260379 | K61: 35979255 | L61: 90679963 | M61: 27445961 | N61: 70186061 | O61: 32722017 | P61: 32371350 | R61: 11566465 | S61: 78983728 | T61: 21367104 | U61: 28481472 | V61: 7504771.9 | W61: 10884887 | X61: 214676.33 | Z61: 3166640.8 | AA61: 4892596.9 | AB61: 17467485 | AC61: 3119272.3 | AE61: 14796112 | AF61: 1378840.4 | AG61: 549326.34 | AH61: 1908298.3 | AI61: 1859880.7 | AJ61: 1297235.9 | AK61: 3058205.4 | AL61: 776747.87 | AM61: 1081867.5 | AQ61: 682366.04 | AS61: 33562.689 | AT61: 1860903.7 | AU61: 5845784.1 | AV61: 1874079.7 | AW61: 10619855 | AX61: 1992413.6 | BA61: 269839.68 | BB61: 2119372.4 | BC61: 996901.05 | BD61: 2885704.1 | BG61: 1682897.1 | BK61: 1361201.4 | BL61: 1204663.2 | BM61: 602741.18 | BO61: 356823.32 | BR61: 164871.8 | BS61: 487865.65 | BT61: 445858.14 | BU61: 267242.54 | BW61: 348511.02 | BX61: 244959.88 | BZ61: 536757.66 | CB61: 305880.87 | CC61: 240389.67 | CD61: 529709.69 | CF61: 306476.18 | CG61: 85277.318 | CI61: 13656.543 | CJ61: 224928.71 | CN61: 108595.62 | CO61: 610732.32 | CU61: 141394.7 | CV61: 193094.72 | CX61: 60000.273 | DA61: 155288.64 | DC61: 72846.891 | DD61: 211418.25 | DF61: 152541.18 | DH61: 32768.135 | DL61: 82002.83 | DN61: 76472.807 | DP61: 22331.663 | DR61: 42779.5 | DS61: 71571.708 | DT61: 80293.032 | DY61: 95702.774 | DZ61: 36750.889 | EA61: 25220.507 | EC61: 34033.967 | ED61: 69539.903 | EF61: 46620.744 | EH61: 51533.681 | EJ61: 11679.349 | EM61: 23913.076 | ER61: 18318.154 | ES61: 47592.103 | ET61: 15915.917 | EV61: 3168.3325 | GA61: 0 | GE61: 0 | GF61: 0 | GG61: 0
A62: 46103 | B62: 1.7760649e+09 | C62: 1.0959808e+09 | D62: 4.9342114e+08 | E62: 18191883 | G62: 20073025 | H62: 32131307 | I62: 1902078.3 | K62: 7722905.8 | L62: 30762447 | M62: 3332323.8 | N62: 9899685.9 | O62: 6275811.8 | P62: 5688452 | R62: 3146535.3 | S62: 6069329.4 | T62: 2292655.6 | U62: 4219135.6 | V62: 705726.61 | W62: 2035413.6 | X62: 120494.23 | Z62: 1605680.7 | AA62: 1260938.7 | AB62: 2265548.6 | AC62: 1247499.3 | AE62: 4076362.4 | AF62: 329733.71 | AG62: 554319.85 | AH62: 358456.53 | AI62: 570013.03 | AJ62: 249842.07 | AK62: 5298328.8 | AL62: 271518.43 | AM62: 73290.85 | AQ62: 335385.57 | AS62: 34273.335 | AT62: 1838609.6 | AU62: 603881.9 | AV62: 760440.97 | AX62: 1206436.6 | BA62: 362479.52 | BB62: 117605.21 | BC62: 844252.92 | BD62: 57938.054 | BG62: 1495760.5 | BK62: 535874.68 | BL62: 80416.047 | BM62: 166361.03 | BO62: 1598534.6 | BR62: 37807.277 | BS62: 29633.741 | BT62: 24066.774 | BU62: 273466.5 | BW62: 250215.37 | BX62: 162144.14 | BZ62: 32841.332 | CB62: 571632 | CC62: 75519.304 | CD62: 35351.468 | CF62: 174453.01 | CG62: 77542.48 | CI62: 137613.85 | CJ62: 110558.51 | CN62: 92234.102 | CO62: 578178.29 | CU62: 97646.529 | CV62: 138606.26 | CX62: 103513.28 | DA62: 92937.993 | DC62: 55158.087 | DD62: 67107.148 | DF62: 32617.909 | DH62: 28794.723 | DL62: 74136.37 | DN62: 62015.885 | DP62: 30250.85 | DR62: 25376.99 | DS62: 69930.09 | DT62: 62924.187 | DY62: 30484.917 | DZ62: 20806.93 | EA62: 38018.909 | EC62: 30196.386 | ED62: 14267.938 | EF62: 36956.745 | EH62: 12522.882 | EJ62: 9726.1873 | EM62: 21756.674 | ER62: 16856.11 | ES62: 41780.219 | ET62: 16356.321 | EV62: 0 | GA62: 0 | GE62: 0 | GF62: 0 | GG62: 0
A63: 46102 | B63: 6.5155832e+08 | C63: 3.9328205e+08 | D63: 1.3492283e+08 | E63: 9841155.1 | G63: 13019531 | H63: 29186480 | I63: 1238187.1 | K63: 8174450.6 | L63: 10943384 | M63: 1571187.5 | N63: 5116545.6 | O63: 2357986.8 | P63: 2561106.6 | R63: 1877520.7 | S63: 2103491.5 | T63: 1972170.1 | U63: 2552833.9 | V63: 475523.15 | W63: 1704854.8 | X63: 58675.903 | Z63: 1410771.5 | AA63: 761985.5 | AB63: 4443995.6 | AC63: 292703.43 | AE63: 988101.79 | AF63: 274976.29 | AG63: 800044.97 | AH63: 55716.992 | AI63: 650646.68 | AJ63: 108477.33 | AK63: 5501719.6 | AL63: 148507.02 | AM63: 248393.73 | AQ63: 82177.982 | AS63: 9924.4985 | AT63: 1024204.7 | AU63: 105587.77 | AV63: 154926.87 | AX63: 627970.09 | BA63: 381050.81 | BB63: 55191.993 | BC63: 754699.87 | BD63: 52993.389 | BG63: 1271660.4 | BK63: 1220906.9 | BL63: 27224.121 | BM63: 246078.42 | BO63: 3089647.6 | BR63: 686456.66 | BS63: 36934.221 | BT63: 394938.51 | BU63: 154691.76 | BW63: 293601.99 | BX63: 82021.421 | BZ63: 45067.985 | CB63: 542025.97 | CC63: 39827.252 | CD63: 42172.005 | CF63: 193222.41 | CG63: 77036.721 | CI63: 28617.555 | CJ63: 84857.224 | CN63: 58156.768 | CO63: 109321.34 | CU63: 29518.491 | CV63: 63391.864 | CX63: 70251.342 | DA63: 73859.319 | DC63: 51613.626 | DD63: 44016.57 | DF63: 54555.085 | DH63: 28999.565 | DL63: 74831.463 | DN63: 60623.887 | DP63: 19761.619 | DR63: 24814.501 | DS63: 70339.335 | DT63: 62099.31 | DY63: 27204.889 | DZ63: 23227.498 | EA63: 0 | EC63: 31353.675 | ED63: 12190.158 | EF63: 35332.257 | EH63: 13107.171 | EJ63: 480.6659 | EM63: 19777.129 | ER63: 17840.665 | ES63: 15293.44 | ET63: 14567.438 | EV63: 0 | GA63: 0 | GE63: 0 | GF63: 0 | GG63: 69.937
A64: 46101 | B64: 7.9235238e+09 | C64: 3.9195413e+09 | D64: 3.2920003e+09 | E64: 43715660 | G64: 1.9709299e+08 | H64: 1.3891504e+08 | I64: 11150761 | K64: 17469508 | L64: 56194775 | M64: 18834860 | N64: 49669691 | O64: 10719058 | P64: 18638692 | R64: 9130758.2 | S64: 25419511 | T64: 17779422 | U64: 13145665 | V64: 4909830.7 | W64: 4937141.9 | X64: 129630.77 | Z64: 2104923.5 | AA64: 2550944.8 | AB64: 9412095.2 | AC64: 1289594.7 | AE64: 9254467.3 | AF64: 1123948.9 | AG64: 1709491.3 | AH64: 811144.25 | AI64: 3482635.4 | AJ64: 1950290.5 | AK64: 8023351.4 | AL64: 1000414.4 | AM64: 878891.63 | AQ64: 635710.85 | AS64: 117400.2 | AT64: 845357.5 | AU64: 2317085.6 | AV64: 1518485.6 | AX64: 2796656.1 | BA64: 1277981.7 | BB64: 1890688.3 | BC64: 509662.92 | BD64: 3227257.6 | BG64: 2762569.7 | BK64: 784064.19 | BL64: 1300696.8 | BM64: 473664.17 | BO64: 2287441.5 | BR64: 817804.86 | BS64: 434193.52 | BT64: 316908.41 | BU64: 246780.42 | BW64: 1644319.5 | BX64: 98934.228 | BZ64: 196741.62 | CB64: 927171.58 | CC64: 138182.54 | CD64: 488121.38 | CF64: 266362.11 | CG64: 115094.39 | CI64: 98806.6 | CJ64: 208967.62 | CN64: 249246 | CO64: 109751.6 | CU64: 34884.693 | CV64: 72167.525 | CX64: 48325.616 | DA64: 78516.59 | DC64: 105297.69 | DD64: 211706.28 | DF64: 116698.01 | DH64: 34034.997 | DL64: 82495.495 | DN64: 117708.15 | DP64: 23734.796 | DR64: 33210.713 | DS64: 76151.147 | DT64: 76972.153 | DY64: 47461.851 | DZ64: 30656.014 | EA64: 60170.796 | EC64: 28920.943 | ED64: 20276.464 | EF64: 35827.771 | EH64: 17358.796 | EJ64: 895.8896 | EM64: 21738.673 | ER64: 14663.618 | ES64: 30605.8 | ET64: 14407.646 | EV64: 0 | GA64: 0 | GE64: 0 | GF64: 0 | GG64: 0
A65: 46100 | B65: 1.1382715e+10 | C65: 5.7439422e+09 | D65: 4.8391866e+09 | E65: 81465475 | G65: 1.7989925e+08 | H65: 1.4588847e+08 | I65: 11475730 | K65: 15919114 | L65: 71155211 | M65: 15549695 | N65: 59296938 | O65: 15036128 | P65: 24594755 | R65: 10776518 | S65: 43003530 | T65: 19411805 | U65: 13824161 | V65: 4563190 | W65: 5430637.6 | X65: 404320.78 | Z65: 2991143.6 | AA65: 2150307.1 | AB65: 13844720 | AC65: 698303.66 | AE65: 12357003 | AF65: 973310.18 | AG65: 2802459.6 | AH65: 1500896.2 | AI65: 450855.12 | AJ65: 3570104.7 | AK65: 3134148.5 | AL65: 1323023.1 | AM65: 2290150.4 | AQ65: 1055947.3 | AS65: 173438.6 | AT65: 988987.61 | AU65: 3104585.2 | AV65: 1051424.6 | AX65: 4737300.4 | BA65: 1328083.9 | BB65: 2333284.5 | BC65: 592902.47 | BD65: 3234787.8 | BG65: 1399824.8 | BK65: 249422.09 | BL65: 2589929.4 | BM65: 622809.04 | BO65: 496416.22 | BR65: 1636774.4 | BS65: 846612.59 | BT65: 391244.79 | BU65: 134838 | BW65: 559147.79 | BX65: 286431.14 | BZ65: 196183.4 | CB65: 457378.66 | CC65: 96309.05 | CD65: 871195.1 | CF65: 260636.77 | CG65: 120680.29 | CI65: 77198.663 | CJ65: 627338.87 | CN65: 938441.6 | CO65: 299195.55 | CU65: 58019.5 | CV65: 140879.49 | CX65: 84987.011 | DA65: 97941.398 | DC65: 108261.63 | DD65: 190889.16 | DF65: 123588.37 | DH65: 29179.502 | DL65: 78548.89 | DN65: 117428.62 | DP65: 29020.022 | DR65: 34014.212 | DS65: 75164.964 | DT65: 83087.93 | DY65: 63732.101 | DZ65: 84188.83 | EA65: 268932.84 | EC65: 34138.021 | ED65: 131349.02 | EF65: 35216.395 | EH65: 88882.264 | EJ65: 896.3269 | EM65: 25808.572 | ER65: 14857.022 | ES65: 23045.605 | ET65: 16291.278 | EV65: 3679.5581 | GA65: 0 | GE65: 0 | GF65: 3790.8 | GG65: 0
A66: 46099 | B66: 5.7539442e+09 | C66: 2.6209219e+09 | D66: 2.4831293e+09 | E66: 63583116 | G66: 1.7197047e+08 | H66: 80615855 | I66: 17398725 | K66: 11427038 | L66: 55302575 | M66: 19313693 | N66: 53813154 | O66: 17780341 | P66: 26902477 | R66: 6858267.5 | S66: 21431618 | T66: 17513390 | U66: 13587613 | V66: 3716981.4 | W66: 3051971.1 | X66: 530645.77 | Z66: 4017895.7 | AA66: 2380316.8 | AB66: 7941256.6 | AC66: 506174.82 | AE66: 8290376.5 | AF66: 1060387.8 | AG66: 523126.37 | AH66: 1232380.6 | AI66: 391779.55 | AJ66: 3509001.8 | AK66: 2698972.1 | AL66: 897785.01 | AM66: 1500614.7 | AQ66: 497074.81 | AS66: 34794.749 | AT66: 4207740 | AU66: 2826415.1 | AV66: 1372539.2 | AX66: 406744.47 | BA66: 1748739.9 | BB66: 2283625.6 | BC66: 833002.65 | BD66: 640238.69 | BG66: 830488.07 | BK66: 433966.73 | BL66: 679729.19 | BM66: 593352.04 | BO66: 806486.22 | BR66: 3557882.7 | BS66: 1649823.2 | BT66: 661719.08 | BU66: 270628.11 | BW66: 812158.53 | BX66: 308348.91 | BZ66: 307548.77 | CB66: 872011.08 | CC66: 91403.32 | CD66: 617511.94 | CF66: 68384.856 | CG66: 95765.595 | CI66: 148770.45 | CJ66: 673405.72 | CN66: 172315.64 | CO66: 38330.892 | CU66: 124956.18 | CV66: 139444.96 | CX66: 150348.55 | DA66: 79782.579 | DC66: 88337.436 | DD66: 131596.84 | DF66: 63454.714 | DH66: 35808.738 | DL66: 93360.108 | DN66: 67689.604 | DP66: 22167.42 | DR66: 27391.12 | DS66: 72805.765 | DT66: 84270.833 | DY66: 141472.89 | DZ66: 24872.933 | EA66: 0 | EC66: 42301.561 | ED66: 13533.591 | EF66: 34918.202 | EH66: 38230.507 | EJ66: 4758.513 | EM66: 20945.586 | ER66: 19480.755 | ES66: 64828.656 | ET66: 15539.038 | EV66: 1650.781 | GA66: 0 | GE66: 0 | GF66: 0 | GG66: 0
A67: 46098 | B67: 3.1472102e+09 | C67: 1.0768648e+09 | D67: 1.5809788e+09 | E67: 38507934 | G67: 1.342509e+08 | H67: 64109739 | I67: 16221389 | K67: 13875713 | L67: 42637763 | M67: 17427672 | N67: 20103415 | O67: 12975719 | P67: 15480499 | R67: 5778195.8 | S67: 18735082 | T67: 13509455 | U67: 11412623 | V67: 2222092.5 | W67: 1362869.3 | X67: 271262.51 | Z67: 1531907 | AA67: 1728532.3 | AB67: 4600443.4 | AC67: 293846.11 | AE67: 4779935.7 | AF67: 641228.98 | AG67: 270776.42 | AH67: 1955933.3 | AI67: 735588.96 | AJ67: 2049292.8 | AK67: 853956.24 | AL67: 561959.58 | AM67: 7580666.1 | AQ67: 603185.13 | AS67: 12204.298 | AT67: 1272674.7 | AU67: 1247912.7 | AV67: 926171.03 | AX67: 1580686.3 | BA67: 4956813 | BB67: 4075615.3 | BC67: 1387446.7 | BD67: 615500.12 | BG67: 606690.9 | BK67: 297321.28 | BL67: 1031997.6 | BM67: 751517.98 | BO67: 452498 | BR67: 135402.55 | BS67: 739671.09 | BT67: 1650653.4 | BU67: 296576.35 | BW67: 2853547.7 | BX67: 305698.28 | BZ67: 453215.6 | CB67: 2344857.2 | CC67: 198661.88 | CD67: 583331.88 | CF67: 181912.02 | CG67: 79902.726 | CI67: 276059.01 | CJ67: 1062512.5 | CN67: 174220.63 | CO67: 22669.412 | CV67: 208322.48 | CX67: 87960.264 | DA67: 48342.535 | DC67: 67672.692 | DD67: 71871.528 | DF67: 496355.69 | DH67: 60937.111 | DL67: 82722.205 | DN67: 60213.658 | DP67: 21233.083 | DR67: 31108.516 | DS67: 76642.308 | DT67: 86591.404 | DY67: 42301.7 | DZ67: 47689.52 | EA67: 0 | EC67: 37945.128 | ED67: 29475.976 | EF67: 37018.978 | EH67: 23779.655 | EJ67: 6389.1286 | EM67: 26959.347 | ER67: 15134.355 | ES67: 23191.92 | ET67: 24749.696 | EV67: 4022.7802 | GA67: 0 | GE67: 4394.888 | GF67: 0 | GG67: 0
A68: 46097 | B68: 4.4578927e+09 | C68: 1.6377263e+09 | D68: 2.2914508e+09 | E68: 45530509 | G68: 1.2229934e+08 | H68: 82062638 | I68: 8315953.9 | K68: 25451482 | L68: 51491082 | M68: 19315967 | N68: 26419152 | O68: 10295712 | P68: 17806485 | R68: 5536177.8 | S68: 24315023 | T68: 11669886 | U68: 10306610 | V68: 2899088.7 | W68: 2158047 | X68: 135242.85 | Z68: 3597063 | AA68: 2267256.5 | AB68: 7783276.8 | AC68: 573198.51 | AE68: 9845320.8 | AF68: 494533.66 | AG68: 171078.98 | AH68: 2022882.7 | AI68: 491695.41 | AJ68: 1234115.9 | AK68: 765850.01 | AL68: 748214.97 | AM68: 1007017.2 | AQ68: 656800.53 | AS68: 32805.481 | AT68: 2090663.7 | AU68: 761311.83 | AV68: 483008.47 | BA68: 7504012.8 | BB68: 3254937.5 | BC68: 844311.61 | BD68: 798850.92 | BG68: 1060382.7 | BK68: 233850.27 | BL68: 1464082 | BM68: 934636.02 | BO68: 734816.52 | BR68: 597801.38 | BS68: 794436.56 | BT68: 1269322.3 | BU68: 113631.49 | BW68: 367190.45 | BX68: 390230.41 | BZ68: 1150103.5 | CB68: 1102874.6 | CC68: 1150693 | CD68: 727498.49 | CF68: 185692.71 | CG68: 87952.311 | CI68: 274082.66 | CJ68: 234773.56 | CN68: 575400.45 | CO68: 124257.51 | CV68: 313871.02 | CX68: 172453.84 | DA68: 78331.235 | DC68: 51199.672 | DD68: 106572.88 | DF68: 137045.84 | DH68: 58143.302 | DL68: 82851.059 | DN68: 65199.297 | DP68: 26171.162 | DR68: 29777.072 | DS68: 103856.8 | DT68: 142439.37 | DY68: 74838.704 | DZ68: 27882.824 | EA68: 0 | EC68: 31088.46 | ED68: 39653.696 | EF68: 42400.851 | EH68: 29133.629 | EJ68: 651.7925 | EM68: 20492.348 | ER68: 16124.024 | ES68: 28254.423 | ET68: 20802.376 | EV68: 6009.5521 | GA68: 0 | GE68: 0 | GF68: 0 | GG68: 0
A69: 46096 | B69: 1.1469948e+09 | C69: 7.0604781e+08 | D69: 2.9581228e+08 | E69: 28914584 | G69: 14235172 | H69: 27434566 | I69: 1041145.7 | K69: 6406044.9 | L69: 17747377 | M69: 1673498.7 | N69: 5398074.2 | P69: 3569345.3 | R69: 7006634.2 | S69: 5032688.7 | T69: 1621835.1 | U69: 4441022 | V69: 774691.39 | W69: 996735.17 | X69: 135985.84 | Z69: 641691.19 | AA69: 939767.38 | AB69: 2658514.5 | AC69: 292867.49 | AE69: 3231587.3 | AF69: 257925.59 | AG69: 135891.01 | AH69: 114362.53 | AI69: 1042915.4 | AJ69: 75581.107 | AK69: 1687051.6 | AL69: 129132.58 | AM69: 32851.845 | AQ69: 80990.285 | AS69: 62500.27 | AT69: 1021534.5 | AU69: 955206.22 | AV69: 230977.8 | BB69: 15547.319 | BC69: 191495.25 | BD69: 2952.2462 | BG69: 106908.86 | BK69: 99306.61 | BL69: 20777.143 | BM69: 240734.04 | BO69: 48543.717 | BR69: 455354.85 | BS69: 186972.94 | BT69: 34895.986 | BU69: 131852.12 | BW69: 72516.633 | BX69: 165760.12 | BZ69: 118101.26 | CB69: 184485.5 | CC69: 344250.71 | CD69: 39788.555 | CF69: 6659.1154 | CG69: 79526.118 | CI69: 52408.851 | CJ69: 268640.78 | CN69: 858157.21 | CO69: 14267.961 | CV69: 75896.665 | CX69: 257401.23 | DA69: 46553.819 | DC69: 260487.52 | DD69: 55554.999 | DF69: 36903.082 | DH69: 29163.783 | DL69: 79222.916 | DN69: 60588.354 | DP69: 21311.597 | DR69: 30853.373 | DS69: 104842.08 | DT69: 83751.503 | DY69: 25674.771 | DZ69: 28807.389 | EA69: 0 | EC69: 31759.863 | ED69: 15043.273 | EF69: 43816.559 | EH69: 17419.946 | EJ69: 277.7643 | EM69: 21151.586 | ER69: 15276.72 | ES69: 16168.938 | ET69: 16077.54 | EV69: 0 | GA69: 0 | GE69: 0 | GF69: 0 | GG69: 0
A70: 46095 | B70: 4.4566705e+08 | C70: 2.3090033e+08 | D70: 97553968 | E70: 23263981 | G70: 8645355.1 | H70: 12742449 | I70: 804740.02 | K70: 1428065.8 | L70: 8337303.4 | M70: 593354.18 | N70: 2728246.1 | P70: 1559778.4 | R70: 6551006.9 | S70: 1925725 | T70: 1325474.6 | U70: 4183370 | V70: 841751.31 | W70: 917722.89 | X70: 1364714.3 | Z70: 4490608.7 | AA70: 936738.8 | AB70: 3422399.8 | AC70: 159662.8 | AE70: 2494674.4 | AF70: 2312501.1 | AG70: 167238.59 | AH70: 127093.58 | AI70: 1268134.3 | AJ70: 333267.2 | AK70: 1819733.5 | AL70: 916530.46 | AM70: 4183922 | AQ70: 459355.25 | AS70: 64185.412 | AT70: 3213618.5 | AU70: 113831.65 | AV70: 80756.662 | BB70: 1751401.7 | BC70: 663114.48 | BD70: 6620.5045 | BG70: 456065.62 | BK70: 176805.06 | BL70: 606488.2 | BM70: 146899.31 | BO70: 455296.32 | BR70: 185353.49 | BS70: 1978928.6 | BT70: 359366.03 | BU70: 166324.8 | BW70: 51253.424 | BX70: 226232.89 | BZ70: 1614344.6 | CB70: 175565.74 | CC70: 33756.631 | CD70: 250878.16 | CF70: 243758.97 | CG70: 89907.775 | CI70: 22663.374 | CJ70: 2451049.5 | CN70: 46711.02 | CO70: 42290.113 | CV70: 220404.77 | CX70: 71604.892 | DA70: 42124.366 | DC70: 88566.047 | DD70: 147228.65 | DF70: 34388.699 | DH70: 32429.011 | DL70: 78640.548 | DN70: 61472.153 | DP70: 20895.605 | DR70: 32812.966 | DS70: 77079.143 | DT70: 76287.716 | DY70: 27393.351 | DZ70: 20450 | EA70: 0 | EC70: 27928.862 | ED70: 22130.479 | EF70: 41410.753 | EH70: 14118.809 | EJ70: 982.3782 | EM70: 49081.995 | ER70: 17267.3 | ES70: 16428.655 | ET70: 13265.625 | EV70: 0 | GA70: 0 | GE70: 0 | GF70: 0 | GG70: 0

Sheet Extended (wide)
A1: Category | C1: Commodities | D1: Commodities | E1: Commodities | F1: Commodities | G1: Stocks | H1: FX | I1: Commodities | J1: Stocks | K1: Stocks | L1: Stocks | M1: Indices | N1: Stocks | O1: Commodities | P1: FX | Q1: Indices | R1: Stocks | S1: Stocks | T1: Commodities | U1: Stocks | V1: Stocks | W1: Stocks | X1: Stocks | Y1: Stocks | Z1: Stocks | AA1: Stocks | AB1: Stocks | AC1: Stocks | AD1: Stocks | AE1: Indices | AF1: Stocks
A2: dt | B2: Total | C2: XAU | D2: XAG | E2: WTI | F2: XPT | G2: CRCL | H2: EURUSD | I2: XNG | J2: TSLA | K2: INTC | L2: MSFT | M2: SPX500 | N2: GOOG | O2: BRENT | P2: USDJPY | Q2: TECH100 | R2: MSTR | S2: HOOD | T2: XCU | U2: MU | V2: SNDK | W2: AAPL | X2: AMZN | Y2: NVDA | Z2: AMD | AA2: PLTR | AB2: COIN | AC2: ORCL | AD2: META | AE2: EWY | AF2: BABA
A3: 46162 | B3: 67215123 | C3: 17743232 | D3: 15563222 | E3: 3885979.2 | F3: 1357758.9 | G3: 1596325.5 | H3: 752193.48 | I3: 185098.92 | J3: 831698.06 | K3: 2096498.8 | L3: 865699.67 | M3: 1374887.7 | N3: 567711.84 | O3: 1898317.5 | P3: 118118.93 | Q3: 374030.54 | R3: 1539825.9 | S3: 1288925.2 | T3: 964679.31 | U3: 1921404.8 | V3: 2814047.2 | W3: 361062.6 | X3: 1120134.6 | Y3: 1533279.7 | Z3: 907404.21 | AA3: 546273.35 | AB3: 1920410.7 | AC3: 893889.75 | AD3: 619479.16 | AE3: 333456.34 | AF3: 1240076.9
A4: 46161 | B4: 2.615159e+08 | C4: 21500353 | D4: 16886507 | E4: 2335847.5 | F4: 1458967.9 | G4: 3130203.5 | H4: 1214417.9 | I4: 9750292.5 | J4: 18468211 | K4: 19456015 | L4: 12266932 | M4: 7767111.6 | N4: 8859362.7 | O4: 239929.07 | P4: 8152430.2 | Q4: 255682.5 | R4: 3030314.5 | S4: 16607367 | T4: 3770794.7 | U4: 15972174 | V4: 686244.43 | W4: 15553808 | X4: 8425524.2 | Y4: 478563.18 | Z4: 17410958 | AA4: 8692801.6 | AB4: 7454370.3 | AC4: 7362200.5 | AD4: 13197656 | AE4: 19253.557 | AF4: 11111605
A5: 46160 | B5: 1.3709682e+08 | C5: 15174674 | D5: 29798258 | E5: 16595751 | F5: 5098924.2 | G5: 3718593 | H5: 1284981.2 | I5: 4198132.5 | J5: 3496628.5 | K5: 1444912.8 | L5: 4474247.5 | M5: 2594339.5 | N5: 4363405.9 | O5: 4838287.3 | P5: 1882688.4 | Q5: 1069735.5 | R5: 2412643.7 | S5: 3472424.3 | T5: 1032937.4 | U5: 1753420.5 | V5: 1423103.8 | W5: 3209203.8 | X5: 3122209.8 | Y5: 2241228.7 | Z5: 2409004.5 | AA5: 3586551.6 | AB5: 1501301 | AC5: 3650883.1 | AD5: 3824404.1 | AE5: 696269.05 | AF5: 2727672.7
A6: 46159 | B6: 56808465 | C6: 4517390 | D6: 1783895.2 | E6: 985282.27 | F6: 2931607.2 | G6: 937355.12 | H6: 458892.95 | I6: 3479270.4 | J6: 3412074.5 | K6: 461488.19 | L6: 3340559 | M6: 1040173.9 | N6: 4522992.9 | O6: 267448 | P6: 1817759.3 | Q6: 756379.47 | R6: 1586940.9 | S6: 2549334.2 | T6: 440011.6 | U6: 927617.52 | V6: 375342.41 | W6: 2667762.8 | X6: 2024464.1 | Y6: 1115958.8 | Z6: 1984198.1 | AA6: 2638449.2 | AB6: 787781.49 | AC6: 3401066.4 | AD6: 3203249.1 | AE6: 240841.82 | AF6: 2152878.1
A7: 46158 | B7: 55267908 | C7: 4890815.3 | D7: 1884226.5 | E7: 1200052.7 | F7: 2777062.4 | G7: 676753.07 | H7: 174275.47 | I7: 3439008.5 | J7: 3455017.4 | K7: 235635.91 | L7: 3377108.7 | M7: 1073863 | N7: 3706788.7 | O7: 207991.55 | P7: 1716774.7 | Q7: 98836.378 | R7: 2175832.6 | S7: 2261462.6 | T7: 228099.89 | U7: 285879.14 | V7: 1352092.6 | W7: 2752903.9 | X7: 2226784 | Y7: 871214.12 | Z7: 2058940.8 | AA7: 2375880.6 | AB7: 752587.82 | AC7: 3380111.4 | AD7: 3245024 | AE7: 48031.791 | AF7: 2338852.9
A8: 46157 | B8: 87611159 | C8: 9678681.6 | D8: 8121283.1 | E8: 1107543.9 | F8: 5494267.6 | G8: 3266361.5 | H8: 1406352.6 | I8: 3995018.6 | J8: 4114380.5 | K8: 1293830.6 | L8: 3757225.9 | M8: 1931172.2 | N8: 4106106.2 | O8: 354187.08 | P8: 1894587.4 | Q8: 612472.55 | R8: 2969739.6 | S8: 3119675.9 | T8: 1178298.5 | U8: 1066345 | V8: 3079262.5 | W8: 3137071.3 | X8: 3080607 | Y8: 1638182.6 | Z8: 2257842.9 | AA8: 3885022.9 | AB8: 923498.32 | AC8: 3541141.3 | AD8: 3694621.8 | AE8: 320842.61 | AF8: 2585535.8
A9: 46156 | B9: 83339780 | C9: 6245396.7 | D9: 6097528.8 | E9: 4263535.8 | F9: 5683949.6 | G9: 4123252.8 | H9: 1252114.3 | I9: 4017351.8 | J9: 3596628.3 | K9: 909583.21 | L9: 3930124.2 | M9: 1940527.1 | N9: 3426428.2 | O9: 852274.62 | P9: 2044389.7 | Q9: 1040069.8 | R9: 1847919.5 | S9: 3314983 | T9: 1071362.3 | U9: 529438.73 | V9: 2652517.4 | W9: 2840630.3 | X9: 2600290 | Y9: 1186638.5 | Z9: 2178761.1 | AA9: 3261203.8 | AB9: 1785471.8 | AC9: 3604976.6 | AD9: 3506013 | AE9: 70070.653 | AF9: 3466348.8
A10: 46155 | B10: 80761714 | C10: 6050205.6 | D10: 5554630.2 | E10: 2109132 | F10: 4866087.2 | G10: 3181960.5 | H10: 870771.32 | I10: 4258330.6 | J10: 3567975.7 | K10: 1196681.2 | L10: 3738907.4 | M10: 2025433.8 | N10: 3875901.3 | O10: 454857.27 | P10: 1979440 | Q10: 153817.38 | R10: 927351.3 | S10: 3746766.8 | T10: 737248.58 | U10: 1477180.1 | V10: 2016682.3 | W10: 2693721.6 | X10: 2982197 | Y10: 796350.83 | Z10: 2840442.1 | AA10: 3276147.7 | AB10: 3557182.1 | AC10: 3415050.3 | AD10: 3589310.9 | AE10: 1455410 | AF10: 3366540.7
A11: 46154 | B11: 85364742 | C11: 6926915.2 | D11: 4745416.6 | E11: 3084130.6 | F11: 5259101.7 | G11: 4036737.6 | H11: 1022792.4 | I11: 3898156.6 | J11: 3902351.8 | K11: 826260.09 | L11: 3613566.3 | M11: 1551977.8 | N11: 5167602.4 | O11: 377520.22 | P11: 1856222.7 | Q11: 391229.05 | R11: 1216121.9 | S11: 3256561.1 | T11: 948063.12 | U11: 3395266.6 | V11: 3114972.4 | W11: 3252796.6 | X11: 2921462.8 | Y11: 677335.48 | Z11: 3604336.2 | AA11: 4263830 | AB11: 2044038.5 | AC11: 3188007.1 | AD11: 3396330.8 | AE11: 538970.34 | AF11: 2886668.3
A12: 46153 | B12: 74595504 | C12: 10012925 | D12: 5670138.2 | E12: 2591417.9 | F12: 3103566.3 | G12: 4171790.4 | H12: 1042992.7 | I12: 3025569 | J12: 3838157.9 | K12: 2308623.5 | L12: 2608511.9 | M12: 1503633.3 | N12: 1939758.8 | O12: 702735.02 | P12: 1019062.9 | Q12: 693664.08 | R12: 2886494 | S12: 2406083 | T12: 464581.32 | U12: 3162322.7 | V12: 3267029.4 | W12: 1633138.5 | X12: 1656958.4 | Y12: 1552584.5 | Z12: 2449399.5 | AA12: 2220908.9 | AB12: 1918954.9 | AC12: 1932884.7 | AD12: 1873044.1 | AE12: 941647.51 | AF12: 1996925
A13: 46152 | B13: 35524429 | C13: 5660236.4 | D13: 2357610.5 | E13: 6771193.7 | F13: 1188930.6 | G13: 968320.88 | H13: 548341.49 | I13: 224498.02 | J13: 579543.7 | K13: 1330767.7 | L13: 1159633.4 | M13: 426643.17 | N13: 575845.48 | O13: 244865.63 | P13: 1946.3908 | Q13: 447569.14 | R13: 1218436.4 | S13: 870297.43 | T13: 2980757 | U13: 691124.41 | V13: 1271654.2 | W13: 406435.45 | X13: 659556.3 | Y13: 2167813.2 | Z13: 292068.42 | AA13: 569280.6 | AB13: 490257.79 | AC13: 577883.56 | AD13: 160534.66 | AE13: 580155.77 | AF13: 102227.47
A14: 46151 | B14: 16602810 | C14: 3582907.4 | D14: 766216.24 | E14: 2497129.1 | F14: 447963.5 | G14: 556845.65 | H14: 304615.72 | I14: 189647.34 | J14: 505672.73 | K14: 492115.81 | L14: 998867.71 | M14: 543438.14 | N14: 71617.438 | O14: 127318.58 | P14: 24567.809 | Q14: 101412.52 | R14: 864043.34 | S14: 192242.41 | T14: 566267.52 | U14: 809830.61 | V14: 697235.34 | W14: 86652.212 | X14: 74605.344 | Y14: 584342.49 | Z14: 35617.071 | AA14: 278070.78 | AB14: 681058.62 | AC14: 66571.392 | AD14: 55212.143 | AE14: 366229.19 | AF14: 34495.826
... A32: 46133 | B32: 64105948 | C32: 15786219 | D32: 10442406 | E32: 9894337.4 | F32: 5610201.1 | G32: 2180213.6 | H32: 1791952.9 | I32: 248426.35 | J32: 2155992.9 | K32: 964517.28 | L32: 285432.53 | M32: 1316900.2 | N32: 442255.28 | O32: 1535371.6 | P32: 444463.14 | Q32: 1222266.5 | R32: 1055635.3 | S32: 1653944.8 | T32: 1191029.9 | U32: 245801.56 | V32: 765592.29 | W32: 605805.63 | X32: 663204 | Y32: 1059887.1 | Z32: 599777.38 | AA32: 112138.26 | AB32: 753666.31 | AC32: 211774.29 | AD32: 519304.48 | AE32: 66263.407 | AF32: 281167.64
A33: 46132 | B33: 80244747 | C33: 16928895 | D33: 8260719.9 | E33: 5614249.4 | F33: 4978661.2 | G33: 5294134.4 | H33: 3091538.2 | I33: 621623.22 | J33: 2861143.1 | K33: 1264753.2 | L33: 942482.85 | M33: 2111890.1 | N33: 1058015.1 | O33: 1930734.6 | P33: 991155.76 | Q33: 2176429.4 | R33: 4540386.2 | S33: 3465097.2 | T33: 808300.78 | U33: 652076.63 | V33: 407786.68 | W33: 705564.48 | X33: 1087768.6 | Y33: 3395595.3 | Z33: 564294.92 | AA33: 1372842.8 | AB33: 3291494.6 | AC33: 209965.74 | AD33: 1046708 | AE33: 570438.88
A34: 46131 | B34: 72170396 | C34: 14332838 | D34: 7237831.9 | E34: 6636982.8 | F34: 987290.34 | G34: 2133268.7 | H34: 3997130.7 | I34: 203429.92 | J34: 4898090.8 | K34: 1764568.6 | L34: 406094.96 | M34: 951481.35 | N34: 1750182.4 | O34: 2193655.2 | P34: 1980064.9 | Q34: 1897085.9 | R34: 2029790.4 | S34: 3152017.9 | T34: 111776.38 | U34: 2530323.4 | V34: 247101.19 | W34: 528719.86 | X34: 1122199.4 | Y34: 5696349 | Z34: 686583.05 | AA34: 1252583.5 | AB34: 2221594.3 | AC34: 219712.58 | AD34: 714148.91 | AE34: 287500.18
A35: 46130 | B35: 46551893 | C35: 9216672 | D35: 1184445.8 | E35: 5973651.4 | F35: 809289.96 | G35: 1332267 | H35: 1189963.1 | I35: 443583.28 | J35: 1384900.3 | K35: 1198060.5 | L35: 491210.26 | M35: 1523757.2 | N35: 1900978 | O35: 831304.46 | P35: 2841153.9 | Q35: 987840.1 | R35: 1822641.8 | S35: 1663958 | T35: 14905.941 | U35: 3377037.4 | V35: 806411.73 | W35: 264121.95 | X35: 305238.34 | Y35: 3428088.8 | Z35: 598087.84 | AA35: 1367184.2 | AB35: 926561.75 | AC35: 21231.069 | AD35: 387586.74 | AE35: 259760.19
A36: 46129 | B36: 58840360 | C36: 11564832 | D36: 8964263.3 | E36: 4970505.5 | F36: 4138610.6 | G36: 2426841 | H36: 2660848.9 | I36: 340964.31 | J36: 475853.5 | K36: 757831.31 | L36: 891126.98 | M36: 3538725.1 | N36: 3452380.8 | O36: 1310514.8 | P36: 1411178.7 | Q36: 1178334.4 | R36: 3142276.3 | S36: 444503.18 | T36: 255182.27 | U36: 1705739.4 | V36: 691077.43 | W36: 586487.81 | X36: 610331.16 | Y36: 990486.3 | Z36: 709205.9 | AA36: 419885.35 | AB36: 479273.64 | AC36: 364760.47 | AD36: 299836.18 | AE36: 58503.044
A37: 46128 | B37: 50732080 | C37: 13583507 | D37: 5682851.5 | E37: 1684075.6 | F37: 4488725.5 | G37: 1656204.9 | H37: 1954388.5 | I37: 35300.764 | J37: 339187.82 | K37: 923860.2 | L37: 196540.75 | M37: 1105747.8 | N37: 1503116.7 | O37: 426552.71 | P37: 3362478.5 | Q37: 1828384.1 | R37: 823587.73 | S37: 1012402 | T37: 318693.41 | U37: 2692052.1 | V37: 2196350.9 | W37: 786332.76 | X37: 603027.31 | Y37: 1074487.3 | Z37: 658715.69 | AA37: 228195.02 | AB37: 320192.99 | AD37: 919758.03 | AE37: 327362.59
A38: 46127 | B38: 61611566 | C38: 18931212 | D38: 12418289 | E38: 3623485.3 | F38: 3215549.4 | G38: 2730913.7 | H38: 1580331.6 | I38: 112581.92 | J38: 259699.16 | K38: 601148.87 | L38: 1005582.7 | M38: 3840246.8 | N38: 638488.56 | O38: 471320.52 | P38: 226921.87 | Q38: 2996228.9 | R38: 703327.13 | S38: 1534265.4 | T38: 962499.55 | U38: 682681.82 | V38: 1386316.7 | W38: 325488.38 | X38: 447970.31 | Y38: 1001941.6 | Z38: 504230.26 | AA38: 285257.72 | AB38: 790671.97 | AD38: 260640.18 | AE38: 74274.424
A39: 46126 | B39: 66268733 | C39: 18782843 | D39: 11382103 | E39: 5324286.2 | F39: 1280420.2 | G39: 3036468.3 | H39: 2418348.3 | I39: 187090.86 | J39: 540225.94 | K39: 1302951.3 | L39: 230584.74 | M39: 2965047.5 | N39: 1405046.9 | O39: 2572741.6 | P39: 434556.02 | Q39: 2802819.9 | R39: 1126720.2 | S39: 1618708.6 | T39: 2071046.6 | U39: 738191.74 | V39: 2503837.4 | W39: 402920.18 | X39: 393148.64 | Y39: 1164239 | Z39: 34309.022 | AA39: 374716.55 | AB39: 658424.62 | AD39: 435019.4 | AE39: 81917.12
A40: 46125 | B40: 95634986 | C40: 23175089 | D40: 6901009.3 | E40: 8079723.5 | F40: 1236649.5 | G40: 2896655.2 | H40: 9117643.8 | I40: 440363.07 | J40: 2905609.9 | K40: 1580697.2 | L40: 259852.28 | M40: 6510998.6 | N40: 5866908.6 | O40: 2431906 | P40: 1181162.2 | Q40: 1785772 | R40: 3615819.2 | S40: 1804295.7 | T40: 927970.34 | U40: 1076017.8 | V40: 3341094.4 | W40: 1342193.7 | X40: 1588957.5 | Y40: 1570446.2 | Z40: 834397.04 | AA40: 1614462.8 | AB40: 1103557.8 | AD40: 766493.82 | AE40: 1679240.1
A41: 46124 | B41: 93604594 | C41: 20298019 | D41: 8371862.2 | E41: 10664067 | F41: 2293952 | G41: 1993630.9 | H41: 3334647.4 | I41: 353199.06 | J41: 1573237.3 | K41: 2782737.1 | L41: 2441350.7 | M41: 2898089.3 | N41: 168811.28 | O41: 3624756.4 | P41: 804617.41 | Q41: 2453946.6 | R41: 3282737.7 | S41: 3985668.7 | T41: 1261443.1 | U41: 4375880.7 | V41: 1069732.9 | W41: 681028.05 | X41: 1656821.5 | Y41: 1335665 | Z41: 1223787.4 | AA41: 2640067.5 | AB41: 1202396.1 | AD41: 610726.35 | AE41: 6221714.5
A42: 46123 | B42: 26628520 | C42: 1967297.8 | D42: 1423561.2 | E42: 5093758.1 | F42: 161922.95 | G42: 134751.61 | H42: 911426.05 | I42: 208726.37 | J42: 636717.17 | K42: 185020.58 | L42: 2487920.2 | M42: 879463.87 | N42: 177657.05 | O42: 1005936.2 | P42: 205662.05 | Q42: 2025157.9 | R42: 725697.44 | S42: 540739.95 | T42: 585274.93 | U42: 1197864.6 | V42: 782807.81 | W42: 675092.35 | X42: 246664.99 | Y42: 1182709.9 | Z42: 1450312 | AA42: 404628.03 | AB42: 140849.28 | AD42: 288132.93 | AE42: 902766.54
A43: 46122 | B43: 43903942 | C43: 11920118 | D43: 5322071.2 | E43: 5656610.3 | F43: 952502.17 | G43: 1281266.9 | H43: 3421625.4 | I43: 1103471 | J43: 243209.72 | K43: 853161.88 | L43: 658641.47 | M43: 833430.18 | N43: 256925.79 | O43: 456488.65 | P43: 753668.87 | Q43: 794543.14 | R43: 885385.01 | S43: 471168.06 | T43: 1098595.1 | U43: 1218730.3 | V43: 1699790.8 | W43: 513546.31 | X43: 429290.46 | Y43: 1477325.8 | Z43: 243142.41 | AA43: 628364.39 | AB43: 178435.95 | AD43: 180079.83 | AE43: 372353.4
A44: 46121 | B44: 49446948 | C44: 14412192 | D44: 4822859.6 | E44: 8783233.4 | F44: 1533956.3 | G44: 2429590.7 | H44: 3458415.2 | I44: 227231.69 | J44: 202566.04 | K44: 1098768.4 | L44: 181567.22 | M44: 1330045.9 | N44: 458064.33 | O44: 2000570.3 | P44: 466785.77 | Q44: 1370025.9 | R44: 592688.12 | S44: 322687.78 | T44: 893950.72 | U44: 1017272.7 | V44: 1419280.4 | W44: 344876.68 | X44: 402737.19 | Y44: 868348.09 | Z44: 96936.476 | AA44: 305827.66 | AB44: 99859.038 | AD44: 148184.15 | AE44: 158426.59
A45: 46120 | B45: 72372361 | C45: 17490527 | D45: 10037261 | E45: 9891686.2 | F45: 2011550.6 | G45: 3624323.6 | H45: 2597170.7 | I45: 2514293.2 | J45: 381098.07 | K45: 570472.97 | L45: 355180.63 | M45: 3836099.6 | N45: 259572.59 | O45: 5708985.2 | P45: 1237393.1 | Q45: 4489547.9 | R45: 275563.13 | S45: 383428.86 | T45: 156275.8 | U45: 1012756.4 | V45: 1164663.5 | W45: 617062.54 | X45: 258085.07 | Y45: 1475318.1 | Z45: 110843.46 | AA45: 309560.51 | AB45: 264935.15 | AD45: 265863.54 | AE45: 1072841.5
A46: 46119 | B46: 1.412471e+08 | C46: 36005207 | D46: 35919325 | E46: 14340518 | F46: 2291788.3 | G46: 7038098.1 | H46: 4433713.9 | I46: 5238108.8 | J46: 1763583.1 | K46: 3887152.7 | L46: 328050.81 | M46: 6247971 | N46: 801783.29 | O46: 9609190.2 | P46: 297632.1 | Q46: 4985874.8 | R46: 978592.81 | S46: 741975.29 | T46: 315436.64 | U46: 220845.17 | V46: 496477.7 | W46: 1225267.1 | X46: 553332.75 | Y46: 1756125.3 | Z46: 428477.42 | AA46: 291684.88 | AB46: 205662.06 | AD46: 309525.3 | AE46: 535703.2
A47: 46118 | B47: 72517095 | C47: 22618776 | D47: 14242470 | E47: 5268785.9 | F47: 2816320.2 | G47: 5275135 | H47: 2795001.3 | I47: 2242395.4 | J47: 222274.66 | K47: 1204472.2 | L47: 238144.02 | M47: 996515.3 | N47: 402715.96 | O47: 1920350.1 | P47: 418330.12 | Q47: 1330325.5 | R47: 2385591.3 | S47: 530253.16 | T47: 78485.139 | U47: 362120.44 | V47: 263394.21 | W47: 165985 | X47: 424737.5 | Y47: 1591043.1 | Z47: 451575.44 | AA47: 576608.5 | AB47: 673422.78 | AD47: 282059.04 | AE47: 2739808.1
A48: 46117 | B48: 46235038 | C48: 19305458 | D48: 6428394.5 | E48: 1813143.5 | F48: 2667070.1 | G48: 2638646.5 | H48: 828896.55 | I48: 1254734.4 | J48: 401108.31 | K48: 409387.53 | L48: 93121.272 | M48: 1022145 | N48: 72264.852 | O48: 1026782 | P48: 106454.3 | Q48: 1687963.2 | R48: 2212892.4 | S48: 429522.98 | T48: 223245.96 | U48: 38142.429 | V48: 219059.67 | W48: 14353.518 | X48: 448604.24 | Y48: 803544.14 | Z48: 116743.93 | AA48: 370290.5 | AB48: 539943.77 | AD48: 192861.04 | AE48: 870262.88
... A51: 46114 | B51: 76568828 | C51: 19968383 | D51: 6074478.7 | E51: 10615873 | F51: 2464672.5 | G51: 6990335.8 | H51: 1058449.9 | I51: 3515876 | J51: 306462.49 | K51: 1906040.5 | L51: 416716.37 | M51: 4494345.8 | N51: 148067.52 | O51: 6988686.9 | P51: 192366.35 | Q51: 3967405.4 | R51: 856950.27 | S51: 560588.28 | T51: 234605.14 | U51: 1096305.6 | V51: 1280339.7 | W51: 123191.02 | X51: 275644.64 | Y51: 848661.93 | Z51: 458298.1 | AA51: 165253.42 | AB51: 313029.7 | AD51: 193363.99 | AE51: 1054436
A52: 46113 | B52: 66332986 | C52: 15264349 | D52: 8883153.3 | E52: 5664517.3 | F52: 2571442.2 | G52: 5369371.9 | H52: 2139904.2 | I52: 4120866.1 | J52: 152670.8 | K52: 3164129.1 | L52: 274884.1 | M52: 1420515.1 | N52: 1133904.3 | O52: 4661342.6 | P52: 151303.67 | Q52: 3431444.4 | R52: 398578.44 | S52: 238722.7 | T52: 89512.975 | U52: 892098.27 | V52: 875792.61 | W52: 40202.093 | X52: 145118.44 | Y52: 702196.29 | Z52: 326405.48 | AA52: 121403.35 | AB52: 2842345.8 | AE52: 1256811.6
A53: 46112 | B53: 84577372 | C53: 18230148 | D53: 9145515.8 | E53: 13125036 | F53: 1948016.2 | G53: 9858918.4 | H53: 6086418.7 | I53: 5242354.9 | J53: 365993.78 | K53: 2343000.9 | L53: 530764.54 | M53: 1837135.7 | N53: 595164.24 | O53: 4017364.5 | P53: 193390.29 | Q53: 2987722.8 | R53: 927828.69 | S53: 275642.07 | T53: 253345.13 | U53: 721254.44 | V53: 586347.92 | W53: 88467.614 | X53: 366073.81 | Y53: 1530444.5 | Z53: 643256.07 | AA53: 117349.7 | AB53: 977216.65 | AE53: 1583200.8
A54: 46111 | B54: 80897213 | C54: 17935258 | D54: 7975336.3 | E54: 14846458 | F54: 1647624 | G54: 5674593.9 | H54: 5632878.2 | I54: 6173238.5 | J54: 407301.79 | K54: 2562101.6 | L54: 615522.32 | M54: 1826987.3 | N54: 1342412.9 | O54: 2414821 | P54: 1557263.6 | Q54: 1539440.4 | R54: 391447.67 | S54: 272670.6 | T54: 160431.24 | U54: 1340597 | V54: 1082292 | W54: 126277.69 | X54: 417152.71 | Y54: 1564719.3 | Z54: 304390.53 | AA54: 425676.99 | AB54: 840489.58 | AE54: 1819830.7
A55: 46110 | B55: 38761305 | C55: 11429989 | D55: 4211487.6 | E55: 9037366.6 | F55: 174158.73 | G55: 331571.3 | H55: 2985459.5 | I55: 1294864 | J55: 248373.26 | K55: 1284495.1 | L55: 497.20634 | M55: 749214.9 | N55: 343855.23 | O55: 965250.68 | P55: 867794.07 | Q55: 236091.1 | R55: 665573.59 | S55: 202682.57 | T55: 228499.52 | U55: 1294351.1 | V55: 638942.19 | W55: 394.76 | X55: 71520.34 | Y55: 278022.19 | Z55: 82320.038 | AA55: 45110.842 | AB55: 271472.64 | AE55: 821946.65
A56: 46109 | B56: 31692532 | C56: 4555834.9 | D56: 509652.81 | E56: 11624264 | F56: 510107.34 | G56: 376983.87 | H56: 1151139.3 | I56: 3698409.1 | J56: 211941.98 | K56: 212281.8 | L56: 83163.984 | M56: 562914 | N56: 213697.21 | O56: 1314772.2 | P56: 1129079.8 | Q56: 107074.22 | R56: 840592.32 | S56: 270342.8 | T56: 39736.849 | U56: 708131.4 | V56: 2048855.5 | W56: 7637.0872 | X56: 51415.886 | Y56: 465477.99 | Z56: 184863.36 | AA56: 268612.84 | AB56: 97374.424 | AE56: 448175.55
A57: 46108 | B57: 78954352 | C57: 14714325 | D57: 10435060 | E57: 16952158 | F57: 2398428.8 | G57: 6357394 | H57: 4494487.4 | I57: 2715441.6 | J57: 185654.9 | K57: 2941595.4 | L57: 330576.64 | M57: 1058422.1 | N57: 874128.85 | O57: 3329076 | P57: 810806.58 | Q57: 1225925.1 | R57: 2783991.4 | S57: 428360.57 | T57: 164446.66 | U57: 192445.13 | V57: 1198889.5 | W57: 113239.93 | X57: 1042582.9 | Y57: 244337.92 | Z57: 378785.9 | AA57: 977221.47 | AB57: 637992.16 | AE57: 1968578.1
A58: 46107 | B58: 98909724 | C58: 27387287 | D58: 23815830 | E58: 10447719 | F58: 4926144.9 | G58: 9109489.1 | H58: 3722244.9 | I58: 2610852.5 | J58: 425323.04 | K58: 2220582 | L58: 214301.12 | M58: 864081.2 | N58: 532899.41 | O58: 1822991.6 | P58: 1109392.9 | Q58: 2934388.2 | R58: 1100508.2 | S58: 345926.91 | T58: 242659.31 | U58: 253221.98 | V58: 741515.96 | W58: 363446.62 | X58: 1358910.2 | Y58: 522686.54 | Z58: 234978.91 | AA58: 878781.35 | AB58: 576426.87 | AE58: 147135.14
A59: 46106 | B59: 84025292 | C59: 26431104 | D59: 14518410 | E59: 13612632 | F59: 2284457.1 | G59: 5882786.7 | H59: 5580814.2 | I59: 2113737.1 | J59: 398477.56 | K59: 1121680.1 | L59: 262531.62 | M59: 512882.37 | N59: 1394760.3 | O59: 3078448.6 | P59: 272809.96 | Q59: 683215.77 | R59: 847122.57 | S59: 528392.34 | T59: 554266.4 | U59: 193426.23 | V59: 808356.27 | W59: 42559.698 | X59: 966393.02 | Y59: 529721.13 | Z59: 465480.05 | AA59: 649963.13 | AB59: 290863.08
A60: 46105 | B60: 1.0088981e+08 | C60: 33658175 | D60: 26207476 | E60: 9445051.7 | F60: 3956740.3 | G60: 7810362.9 | H60: 2814700.4 | I60: 1331223 | J60: 457029.88 | K60: 1113794.2 | L60: 172525.37 | M60: 993681.3 | N60: 1189605 | O60: 3314975.6 | P60: 418587.42 | Q60: 1709418.5 | R60: 780819.74 | S60: 491835.53 | T60: 823853.16 | U60: 437898.34 | V60: 430730.48 | W60: 75763.424 | X60: 1248956.2 | Y60: 339281.87 | Z60: 431897.05 | AA60: 594581.97 | AB60: 640842.71
A61: 46104 | B61: 2.3359175e+08 | C61: 82238199 | D61: 51342093 | E61: 20382602 | F61: 9576053.6 | G61: 10494112 | H61: 9402340.4 | I61: 4446592.9 | J61: 728111.88 | K61: 3156628.1 | L61: 473104.61 | M61: 3226677.9 | N61: 2038247.8 | O61: 8573604.6 | P61: 1252979.4 | Q61: 4921977.6 | R61: 5096273.3 | S61: 1789289.5 | T61: 814166.04 | U61: 954825.12 | V61: 2029295.4 | W61: 658371.78 | X61: 2000049 | Y61: 2608535.2 | Z61: 658595.96 | AA61: 1944695.7 | AB61: 2784330.8
A62: 46103 | B62: 65303752 | C62: 17638640 | D62: 4678343.2 | E62: 6118345.8 | F62: 928751.95 | G62: 2023312.1 | H62: 3473192.6 | I62: 4485058.2 | J62: 610468.75 | K62: 1172118.7 | L62: 109735.16 | M62: 1292383.1 | N62: 522367.09 | O62: 3039734.3 | P62: 936325.73 | Q62: 1796220.6 | R62: 6993635.4 | S62: 1764109.3 | T62: 814898.78 | U62: 349005.88 | V62: 930269.68 | W62: 190094.14 | X62: 459087.15 | Y62: 1097866.7 | Z62: 501701.39 | AA62: 914682.9 | AB62: 2463403.3
A63: 46102 | B63: 32007783 | C63: 7194869.9 | D63: 862072.28 | E63: 5571821.4 | F63: 543274.65 | G63: 990016.51 | H63: 1729409.8 | I63: 3728436.6 | J63: 162185.01 | K63: 377709.33 | L63: 231259.12 | M63: 884050.81 | N63: 174681.03 | O63: 1143282.7 | P63: 1126969.5 | Q63: 944477.49 | R63: 822689.26 | S63: 1061301.1 | T63: 1104090.6 | U63: 365378.24 | V63: 869121.32 | W63: 77237.383 | X63: 294221.15 | Y63: 502613.37 | Z63: 387518.19 | AA63: 514895.79 | AB63: 344200.28
A64: 46101 | B64: 80556100 | C64: 25309374 | D64: 13860396 | E64: 2717409.7 | F64: 3470383.5 | G64: 6357808.4 | H64: 2442738.7 | I64: 4206011.2 | J64: 856583.11 | K64: 1319554.6 | L64: 480243.12 | M64: 2750081.6 | N64: 1414600 | O64: 3557885.6 | P64: 770342.69 | Q64: 3881831.9 | R64: 574274.69 | S64: 651905.84 | T64: 693149.38 | U64: 216209.88 | V64: 1009200.9 | W64: 613782.58 | X64: 613913.67 | Y64: 911396.9 | Z64: 299466.12 | AA64: 355493.85 | AB64: 1222062.3
A65: 46100 | B65: 1.1193105e+08 | C65: 31262222 | D65: 41199645 | F65: 4608405.4 | G65: 5087745.1 | H65: 5660362 | I65: 631358.9 | J65: 1199056.1 | K65: 744892.02 | L65: 505129.61 | M65: 2687542.4 | N65: 1220020 | O65: 2929225.1 | P65: 1493660.6 | Q65: 3598549.1 | R65: 1500754.3 | S65: 659280.08 | T65: 1440889 | U65: 1155647 | V65: 1088757.9 | W65: 323987.09 | X65: 1139811.1 | Y65: 278240.85 | Z65: 287239.27 | AA65: 659959.89 | AB65: 568667.45
A66: 46099 | B66: 55818384 | C66: 20255077 | D66: 8838242.4 | F66: 2090294.9 | G66: 2767533.5 | H66: 5033496.4 | I66: 491686.49 | J66: 384343.11 | K66: 395153.22 | L66: 193416.29 | M66: 1257644.9 | N66: 791432.71 | O66: 2222138 | P66: 245363.6 | Q66: 2161568.6 | R66: 2235933 | S66: 538518.47 | T66: 595621.84 | U66: 2453074.7 | V66: 834550.79 | W66: 361838.66 | X66: 408870.39 | Y66: 342098.56 | Z66: 239184 | AA66: 272211.28 | AB66: 409090.82
A67: 46098 | B67: 32742108 | C67: 6816069.7 | D67: 5920456.1 | F67: 1725994.9 | G67: 910366.59 | H67: 3065203.3 | I67: 108282.93 | J67: 181305.85 | K67: 556080.61 | L67: 193906.44 | M67: 1470128.5 | N67: 571502.61 | O67: 3326326.8 | P67: 106361.3 | Q67: 819454.93 | R67: 1387473.5 | S67: 456813.73 | T67: 455353.23 | U67: 840038.1 | V67: 71032.857 | W67: 195846.24 | X67: 1263845.5 | Y67: 1060373.2 | Z67: 451041.66 | AA67: 474715.87 | AB67: 314133.87
A68: 46097 | B68: 57307550 | C68: 14115320 | D68: 10220608 | F68: 2163716.2 | G68: 3427442.4 | H68: 4951638.8 | I68: 257108.77 | J68: 378294.4 | K68: 816595.16 | L68: 182580.91 | M68: 1253418.6 | N68: 799551.98 | O68: 4521456.8 | P68: 5450.4259 | Q68: 983558.95 | R68: 3333414 | S68: 768611.17 | T68: 784405.12 | U68: 1769094.9 | V68: 1740225.4 | W68: 238187.63 | X68: 892522.51 | Y68: 1758557.9 | Z68: 413920.38 | AA68: 638311.84 | AB68: 893557.32
A69: 46096 | B69: 44236158 | C69: 10350885 | D69: 3188613.6 | F69: 702454.05 | G69: 2634012.2 | H69: 5476660.4 | I69: 1279605.4 | J69: 575187.62 | K69: 518045.89 | L69: 30654.437 | M69: 4411025.8 | N69: 261857.86 | O69: 2406935.2 | Q69: 2063408.7 | R69: 3610235.2 | S69: 1382486.4 | T69: 438743.33 | U69: 70596.226 | V69: 990276.95 | W69: 66100.366 | X69: 364578.5 | Y69: 651682.72 | Z69: 1105177.4 | AA69: 728582.88 | AB69: 928352.03
A70: 46095 | B70: 25397913 | C70: 4213354.3 | D70: 1422561.2 | F70: 294263.8 | G70: 254408.82 | H70: 2154172.6 | I70: 778052.01 | J70: 245487.34 | K70: 20293.413 | L70: 84022.895 | M70: 1685903.5 | N70: 1031778.9 | O70: 5118407.1 | Q70: 2286441.9 | R70: 683955.48 | S70: 244121.18 | T70: 551080.45 | U70: 414209.4 | V70: 958220.93 | W70: 91998.69 | X70: 381723.09 | Y70: 742830.21 | Z70: 805718.28 | AA70: 400564.11 | AB70: 534343.71

Sheet GRVT (wide)
A1: Category | C1: Commodities | D1: Stocks | E1: Stocks | F1: Commodities | G1: Stocks | H1: Commodities | I1: Stocks | J1: Commodities | K1: Stocks | L1: Commodities | M1: Stocks | N1: Stocks | O1: Indices | P1: Stocks | Q1: Indices | R1: Stocks | S1: Commodities | T1: Stocks | U1: Stocks | V1: Indices | W1: Stocks | X1: Commodities | Y1: Stocks | Z1: Stocks | AA1: Stocks | AB1: Indices | AC1: Stocks | AD1: Stocks | AE1: Stocks
A2: dt | B2: Total | C2: XAU | D2: TSLA | E2: HOOD | F2: XAG | G2: INTC | H2: XPT | I2: CRCL | J2: XCU | K2: MSTR | L2: XPD | M2: COIN | N2: PLTR | O2: EWY | P2: NVDA | Q2: EWJ | R2: META | S2: WTI | T2: GOOGL | U2: AMZN | V2: SPY | W2: AAPL | X2: NATGAS | Y2: MU | Z2: TSM | AA2: SNDK | AB2: QQQ | AC2: MSFT | AD2: BABA | AE2: ORCL
A3: 46162 | B3: 1.1274798e+08 | C3: 70063058 | D3: 6094849 | E3: 4557853.2 | F3: 4492679.3 | G3: 3064484.2 | H3: 2058080.7 | I3: 2355916.6 | J3: 1675096.2 | K3: 1682805.4 | L3: 1457876.6 | M3: 1027401.2 | N3: 709652.12 | O3: 985535.55 | P3: 1186996.6 | Q3: 945606.47 | R3: 1026940.7 | S3: 1792036 | T3: 888494.43 | U3: 552606.39 | V3: 921838.92 | W3: 789140.25 | X3: 502667.49 | Y3: 832041.06 | Z3: 715240.46 | AA3: 575697.81 | AB3: 538233.68 | AC3: 578110.96 | AD3: 444780.67 | AE3: 232263.56
A4: 46161 | B4: 1.3629769e+08 | C4: 92528997 | D4: 6212770.7 | E4: 4541289.2 | F4: 4382849.9 | G4: 3310338.4 | H4: 2098229.7 | I4: 2432386.9 | J4: 1798532.9 | K4: 1912763.7 | L4: 1436641.4 | M4: 1117255.7 | N4: 770948.59 | O4: 996008.71 | P4: 1071756.3 | Q4: 992296.21 | R4: 1019840.8 | S4: 1427013.8 | T4: 887804 | U4: 559568.93 | V4: 1683914.7 | W4: 860260.92 | X4: 482871.38 | Y4: 848489.05 | Z4: 646540.45 | AA4: 596383.31 | AB4: 564750.94 | AC4: 661557.23 | AD4: 455632.07
A5: 46160 | B5: 1.316469e+08 | C5: 89832177 | D5: 5842169.9 | E5: 4371102.4 | F5: 3983738.9 | G5: 3600468 | H5: 1878415.4 | I5: 2495911 | J5: 1553793.5 | K5: 1964185.7 | L5: 1406792.5 | M5: 1101024.3 | N5: 694605.29 | O5: 917989.9 | P5: 1049199.4 | Q5: 937383.3 | R5: 1055028.1 | S5: 1804797.4 | T5: 888053.05 | U5: 517025.52 | V5: 850394.35 | W5: 775749.42 | X5: 393432.65 | Y5: 801040.84 | Z5: 624807.66 | AA5: 690998.1 | AB5: 535622.12 | AC5: 668280.06 | AD5: 412717.8
A6: 46159 | B6: 51586626 | C6: 20386539 | D6: 3410622.1 | E6: 2437763.6 | F6: 2356074.4 | G6: 2294877.5 | H6: 1205091.5 | I6: 1356627.6 | J6: 7695104.5 | K6: 1052289.5 | L6: 934121.44 | M6: 731959.99 | N6: 395631.64 | O6: 726303.71 | P6: 624486.8 | Q6: 625503.02 | R6: 511674.97 | S6: 657726.48 | T6: 563616.27 | U6: 314497.61 | V6: 470302.75 | W6: 478096.52 | X6: 255601.9 | Y6: 499879.39 | Z6: 340583.12 | AA6: 354352.69 | AB6: 304488.73 | AC6: 374841.26 | AD6: 227968.15
A7: 46158 | B7: 33443242 | C7: 11798166 | D7: 2970573.2 | E7: 2025667.9 | F7: 2194505.6 | G7: 1772911.4 | H7: 1099166.5 | I7: 1141256.2 | J7: 945104.02 | K7: 900609.59 | L7: 823323.48 | M7: 609688.16 | N7: 353232.3 | O7: 577598.55 | P7: 548583.62 | Q7: 644999.27 | R7: 495833.2 | S7: 567623.11 | T7: 556003.47 | U7: 303635.12 | V7: 481398.91 | W7: 455066.61 | X7: 249835.17 | Y7: 418167.45 | Z7: 343860.33 | AA7: 282425.84 | AB7: 286216.17 | AC7: 367103.76 | AD7: 230687.25
A8: 46157 | B8: 91263350 | C8: 49537728 | D8: 6278451.9 | E8: 4356145.8 | F8: 4046644.4 | G8: 3269710 | H8: 1959974.4 | I8: 2541669.9 | J8: 1418789.2 | K8: 1834355.1 | L8: 1287217.7 | M8: 1186760.8 | N8: 770013.46 | O8: 1111515.6 | P8: 1117905.6 | Q8: 993743.86 | R8: 1061024.8 | S8: 976221.84 | T8: 1072281.6 | U8: 525012.11 | V8: 896912.48 | W8: 849564.04 | X8: 489777.98 | Y8: 796091.26 | Z8: 581373.51 | AA8: 652863.51 | AB8: 554986.49 | AC8: 681025.68 | AD8: 415588.91
A9: 46156 | B9: 72772359 | C9: 30447217 | D9: 5529447.5 | E9: 4508632.9 | F9: 4150365.5 | G9: 3411783 | H9: 2196017.6 | I9: 2738243.3 | J9: 1477997.3 | K9: 1902720.8 | L9: 1665339.2 | M9: 1296577.4 | N9: 709802.78 | O9: 963725.01 | P9: 1077108.3 | Q9: 1061556.2 | R9: 1009531.4 | S9: 1381130.6 | T9: 1034459.5 | U9: 520096.75 | V9: 861405.9 | W9: 880263.22 | X9: 478231.98 | Y9: 727618.57 | Z9: 593823.89 | AA9: 580100.39 | AB9: 534541.56 | AC9: 645797.31 | AD9: 388824.35
A10: 46155 | B10: 67265907 | C10: 26742430 | D10: 5685647.2 | E10: 4118696.8 | F10: 3828762.9 | G10: 3162160.7 | H10: 2401729.2 | I10: 2557570.9 | J10: 1466152.3 | K10: 1812232.2 | L10: 1352950.5 | M10: 1197754.7 | N10: 660038.44 | O10: 1033217.6 | P10: 1106833.4 | Q10: 986404.27 | R10: 993129.33 | S10: 1028349 | T10: 947498.72 | U10: 502504.72 | V10: 822455.41 | W10: 940674.21 | X10: 513338.45 | Y10: 674124.63 | Z10: 568677.08 | AA10: 547664.48 | AB10: 529905.13 | AC10: 639666.11 | AD10: 445339.13
A11: 46154 | B11: 80423309 | C11: 37813881 | D11: 5985893.9 | E11: 4470001.6 | F11: 3861933.5 | G11: 3622474 | H11: 2144837 | I11: 2606752.3 | J11: 1601997.3 | K11: 1769952.6 | L11: 1360581.4 | M11: 1197793.1 | N11: 775606.51 | O11: 1137267.6 | P11: 1080612.9 | Q11: 1015488.9 | R11: 1042440.4 | S11: 1295247.6 | T11: 1083934.7 | U11: 537685.3 | V11: 880433.78 | W11: 879655.91 | X11: 596031.42 | Y11: 774965.93 | Z11: 587908.99 | AA11: 629638.14 | AB11: 608243.98 | AC11: 653079.54 | AD11: 408969.36
A12: 46153 | B12: 80872528 | C12: 38748555 | D12: 6183331.7 | E12: 4407163.4 | F12: 4364374.2 | G12: 3273250.2 | H12: 2115408.3 | I12: 2593385.3 | J12: 1450621.3 | K12: 1818032 | L12: 1352187.8 | M12: 1177825.7 | N12: 711784.43 | O12: 1001935.2 | P12: 1013376.1 | Q12: 1027519.4 | R12: 1025144 | S12: 1291152.9 | T12: 964688.24 | U12: 482602.22 | V12: 884751.42 | W12: 871943.04 | X12: 525339.53 | Y12: 769333.39 | Z12: 596797.21 | AA12: 597068.36 | AB12: 575251.79 | AC12: 636532.35 | AD12: 413173.57
A13: 46152 | B13: 43610048 | C13: 13343536 | D13: 3940932.6 | E13: 2639781.6 | F13: 2857057.8 | G13: 2410771 | H13: 1336894.9 | I13: 1480531 | J13: 1025373.3 | K13: 1114161.5 | L13: 865228.7 | M13: 712479.29 | N13: 460790.9 | O13: 634716.99 | P13: 618228.58 | Q13: 582740.18 | R13: 614839.67 | S13: 974450.48 | T13: 539871.48 | U13: 335716.9 | V13: 680198.32 | W13: 467274.57 | X13: 3426115.1 | Y13: 582093.25 | Z13: 394052.86 | AA13: 372387.82 | AB13: 585049.46 | AC13: 395438.4 | AD13: 219335.37
A14: 46151 | B14: 31339422 | C14: 8239403.2 | D14: 3580620.6 | E14: 2474513.8 | F14: 2241991.2 | G14: 1869025.7 | H14: 1252709.4 | I14: 1120349.6 | J14: 1029553.2 | K14: 824197.63 | L14: 826612.31 | M14: 604769.34 | N14: 395792.26 | O14: 585373.65 | P14: 520591.37 | Q14: 610148.99 | R14: 591865.91 | S14: 525505.86 | T14: 531453.22 | U14: 299223.4 | V14: 449573.36 | W14: 466627.57 | X14: 237954.05 | Y14: 415342.34 | Z14: 366346.02 | AA14: 296621.28 | AB14: 350757.41 | AC14: 412708.2 | AD14: 219791.24
A15: 46150 | B15: 75865404 | C15: 36707556 | D15: 5861576.2 | E15: 4576351.5 | F15: 3148290.6 | G15: 3435627 | H15: 1770496.1 | I15: 2142438.3 | J15: 1458545.7 | K15: 1762221.4 | L15: 1294197.8 | M15: 1126979.6 | N15: 738703.79 | O15: 918384.28 | P15: 845119.38 | Q15: 1031154.5 | R15: 845159.2 | S15: 1298766.5 | T15: 907238.96 | U15: 502996.44 | V15: 768266.6 | W15: 746542.27 | X15: 511751.12 | Y15: 783800.96 | Z15: 673133.12 | AA15: 575934.09 | AB15: 516959.98 | AC15: 537878.9 | AD15: 379333.39
... A30: 46135 | B30: 1.1383444e+08 | C30: 65772825 | D30: 5856928.4 | E30: 4923351.6 | F30: 4707527.1 | G30: 2422931.5 | H30: 3814676.4 | I30: 2489052.7 | J30: 1909602 | K30: 2338587.3 | L30: 1955203.5 | M30: 1377018.9 | N30: 894711.01 | O30: 1092717.1 | P30: 1174591.1 | Q30: 1104397.4 | R30: 1094749.3 | S30: 1743130.9 | T30: 1147879.5 | U30: 761159.88 | V30: 1127522.8 | W30: 1033560.3 | X30: 638729.4 | Y30: 874230.89 | Z30: 827423.49 | AA30: 850758.98 | AB30: 780934.43 | AC30: 638216.6 | AD30: 482022.51
A31: 46134 | B31: 78456358 | C31: 33420028 | D31: 8822009.1 | E31: 4658833.7 | F31: 3896304.5 | G31: 3298348.8 | H31: 2832126.5 | I31: 2326578.9 | J31: 1780637.7 | K31: 1871659.7 | L31: 1486367.8 | M31: 1236989.3 | N31: 867900.81 | O31: 1061174.5 | P31: 1068216 | Q31: 1178710.3 | R31: 950504.08 | S31: 1122982 | T31: 1056935.3 | U31: 578212.06 | V31: 911390.65 | W31: 866636.91 | X31: 502830.93 | Y31: 762832.69 | Z31: 700364.96 | AA31: 595126.75 | AB31: 602655.84
A32: 46133 | B32: 94877561 | C32: 47513195 | D32: 8008928.9 | E32: 5093305.5 | F32: 4589427.9 | G32: 3056971.3 | H32: 3696977.9 | I32: 2789633.9 | J32: 1711035.1 | K32: 1906249.4 | L32: 1650950.4 | M32: 1379474.9 | N32: 871592.25 | O32: 1196560.1 | P32: 1158601.4 | Q32: 1081430 | R32: 1061479.4 | S32: 1294336.5 | T32: 1078034.9 | U32: 533650.14 | V32: 1077737.6 | W32: 809040.53 | X32: 505128.71 | Y32: 809691.21 | Z32: 675084.55 | AA32: 640486.69 | AB32: 688556.71
A33: 46132 | B33: 78791358 | C33: 33482183 | D33: 6897943.5 | E33: 4455499.1 | F33: 3813884.8 | G33: 2808328.8 | H33: 3148083.1 | I33: 2344312.9 | J33: 3200380.8 | K33: 1768541.1 | L33: 2449273.9 | M33: 1224235.6 | N33: 782360.26 | O33: 1027559.5 | P33: 1111760.5 | Q33: 1018509.7 | R33: 1014313.7 | S33: 1095550.9 | T33: 1001911.4 | U33: 588013.52 | V33: 885195.72 | W33: 803395.64 | X33: 1244671 | Y33: 732436.05 | Z33: 641957.96 | AA33: 625070.6 | AB33: 625984.36
A34: 46131 | B34: 55775191 | C34: 22543449 | D34: 4142334.7 | E34: 2593892.3 | F34: 3123329.2 | G34: 1625790.9 | H34: 1472067.5 | I34: 1419997.9 | J34: 1050451.7 | K34: 1213993.1 | L34: 1015907.5 | M34: 778298.42 | N34: 390186.74 | O34: 613865.92 | P34: 662407.32 | Q34: 685944.13 | R34: 621367.79 | S34: 908513.93 | T34: 600201.16 | U34: 296310.9 | V34: 496066.63 | W34: 446464.39 | X34: 7512138.8 | Y34: 475465.64 | Z34: 390587 | AA34: 341184.26 | AB34: 354974.62
A35: 46130 | B35: 45594117 | C35: 20646605 | D35: 3839239.5 | E35: 2498934.6 | F35: 2427920.9 | G35: 1581906.5 | H35: 1478488.7 | I35: 1239304.3 | J35: 1369388.2 | K35: 1006194.9 | L35: 956857.7 | M35: 685346.98 | N35: 429816.68 | O35: 667205.63 | P35: 673470.83 | Q35: 711932.79 | R35: 719918.03 | S35: 925054.39 | T35: 588725.55 | U35: 347691.78 | V35: 511583.96 | W35: 507337.19 | X35: 296519.93 | Y35: 440204.23 | Z35: 386647.98 | AA35: 304101.67 | AB35: 353719.02
A36: 46129 | B36: 81768233 | C36: 36608755 | D36: 7706815.7 | E36: 4597356.6 | F36: 3764585.9 | G36: 2951460.6 | H36: 2081160.3 | I36: 2687121.1 | J36: 2106440.7 | K36: 2240212.4 | L36: 1590867.7 | M36: 1348301.4 | N36: 881588.97 | O36: 1222876.6 | P36: 1208762.9 | Q36: 1000062.1 | R36: 1053950.8 | S36: 1518816.6 | T36: 1201659.5 | U36: 632839.95 | V36: 1013140.7 | W36: 965397.96 | X36: 525855.95 | Y36: 860555.72 | Z36: 656191.4 | AA36: 597581.33 | AB36: 745875.56
A37: 46128 | B37: 80870886 | C37: 36587933 | D37: 7156551 | E37: 4228333.9 | F37: 4088761 | G37: 2958551.7 | H37: 2382113.8 | I37: 2599119.3 | J37: 2027388.4 | K37: 2043338.9 | L37: 1663397.8 | M37: 1275572.6 | N37: 833031.23 | O37: 1158184.4 | P37: 1151194.2 | Q37: 1071668.6 | R37: 1028501.8 | S37: 1769065.3 | T37: 1219180.7 | U37: 548726.82 | V37: 969564.52 | W37: 1001704.1 | X37: 455549.56 | Y37: 809683.62 | Z37: 596044.12 | AA37: 583703.55 | AB37: 664022.31
A38: 46127 | B38: 77311393 | C38: 34872085 | D38: 7582744.5 | E38: 4587305.8 | F38: 3768268.9 | G38: 2803299.7 | H38: 2061552.4 | I38: 2505033.3 | J38: 1781518.8 | K38: 2032908.5 | L38: 1605766.2 | M38: 1217130.5 | N38: 837079.21 | O38: 1143119.5 | P38: 1139408.8 | Q38: 1024477.2 | R38: 963813.21 | S38: 1088042.3 | T38: 1050205.3 | U38: 595786.04 | V38: 773326.96 | W38: 938877.94 | X38: 487713.21 | Y38: 733571.83 | Z38: 586306.29 | AA38: 511473.02 | AB38: 620578.74
A39: 46126 | B39: 83773048 | C39: 39328522 | D39: 7204166.7 | E39: 5066689.7 | F39: 4178298.5 | G39: 2853048.4 | H39: 2135923.7 | I39: 2507196.6 | J39: 2157181.8 | K39: 1916564.9 | L39: 1524536 | M39: 1216221.5 | N39: 866162 | O39: 1236251.7 | P39: 1208265.6 | Q39: 1013304.8 | R39: 1096547.6 | S39: 1210680.4 | T39: 1168405.2 | U39: 706842.84 | V39: 979095.19 | W39: 967304.01 | X39: 514225.87 | Y39: 864145.47 | Z39: 643604.43 | AA39: 543945.8 | AB39: 665916.89
A40: 46125 | B40: 76981071 | C40: 33289483 | D40: 6663996.6 | E40: 4592897.6 | F40: 3543454.2 | G40: 2668186 | H40: 3052144.1 | I40: 2603020.2 | J40: 1519169.8 | K40: 2000010.1 | L40: 2573474.5 | M40: 1235350.8 | N40: 819919.59 | O40: 1035929.2 | P40: 1074700.8 | Q40: 1040109 | R40: 1041962.2 | S40: 1657340.6 | T40: 1106943.8 | U40: 579335.12 | V40: 896345.91 | W40: 879198.16 | X40: 468156.84 | Y40: 806459.34 | Z40: 565908.63 | AA40: 642935.05 | AB40: 624640.72
A41: 46124 | B41: 47380972 | C41: 19042055 | D41: 4964510.3 | E41: 2752828.6 | F41: 2726174.7 | G41: 1843374.7 | H41: 1863558.6 | I41: 1549685.1 | J41: 1324537.9 | K41: 1279634.4 | L41: 1085757.7 | M41: 713582.65 | N41: 544592.9 | O41: 684967.4 | P41: 734578.12 | Q41: 697994.92 | R41: 654903.22 | S41: 924114.58 | T41: 698034.41 | U41: 348972.54 | V41: 561365.45 | W41: 528993.51 | X41: 300258.25 | Y41: 485433.37 | Z41: 394901.81 | AA41: 328197.24 | AB41: 347965.04
A42: 46123 | B42: 43600880 | C42: 19293732 | D42: 4023403.2 | E42: 2487497.3 | F42: 2013876.1 | G42: 1668280.8 | H42: 1253129.2 | I42: 1301689.4 | J42: 1301930.3 | K42: 928438.34 | L42: 1059812.2 | M42: 638261.89 | N42: 498379.56 | O42: 725813.78 | P42: 615397.52 | Q42: 649842.01 | R42: 621806.01 | S42: 610119.17 | T42: 656729.39 | U42: 373170.67 | V42: 521042.18 | W42: 484575.67 | X42: 327315.81 | Y42: 474523.22 | Z42: 389765.66 | AA42: 311467.16 | AB42: 370881.05
A43: 46122 | B43: 71919107 | C43: 28895716 | D43: 7487713.7 | E43: 4376585.9 | F43: 3565757.5 | G43: 2712690.5 | H43: 3152747.4 | I43: 2383580.9 | J43: 2287646.5 | K43: 1809435.4 | L43: 1584197.5 | M43: 1254187.7 | N43: 856039.66 | O43: 1083886.5 | P43: 1058530.2 | Q43: 1284155.9 | R43: 924581.33 | S43: 835777.25 | T43: 995810.38 | U43: 583791.9 | V43: 981982.91 | W43: 903672.83 | X43: 370222.28 | Y43: 737577.71 | Z43: 675531.73 | AA43: 535335.15 | AB43: 581951.73
A44: 46121 | B44: 73516607 | C44: 36929182 | D44: 6680071.3 | E44: 4840031.9 | F44: 3465697.8 | G44: 2761784.7 | H44: 3406545.1 | I44: 2319018.9 | J44: 1433713.6 | K44: 2056906.1 | L44: 1869663.3 | M44: 1328710.1 | N44: 338570.91 | O44: 1194224.2 | P44: 1223650.2 | Q44: 1061318.9 | R44: 1109198.9 | S44: 8931.9934 | T44: 1108290.8 | U44: 379614.38 | X44: 1481.5781
A45: 46120 | B45: 65634621 | C45: 34494629 | D45: 5857908.9 | E45: 4103308.2 | F45: 3386759.2 | G45: 2663330.5 | H45: 3183400.9 | I45: 1691182.5 | J45: 526867.51 | K45: 1566562.8 | L45: 1767754.2 | M45: 974082.06 | N45: 6724.9573 | O45: 1111302.1 | P45: 1163527.4 | Q45: 1021947.5 | R45: 1034657.4 | S45: 6431.9332 | T45: 1053072.8 | U45: 21130.466 | X45: 40.392
A46: 46119 | B46: 86597170 | C46: 47515578 | D46: 7806747.3 | E46: 6124739.5 | F46: 4458856 | G46: 3245866.9 | H46: 2486050.9 | I46: 2328806.9 | J46: 202858.3 | K46: 2189846.9 | L46: 2050319.6 | M46: 1334144.3 | N46: 10822.433 | O46: 1428606.5 | P46: 1453409.3 | Q46: 1148532.6 | R46: 1371856 | T46: 1410755 | U46: 29074.768 | X46: 299.5236
A47: 46118 | B47: 60733289 | C47: 27441887 | D47: 7055107.5 | E47: 4719556.5 | F47: 3736895.2 | G47: 2938857.7 | H47: 2043687.4 | I47: 1991484.7 | J47: 78844.063 | K47: 1834603.8 | L47: 1713429.7 | M47: 1120002.8 | N47: 26527.154 | O47: 1228949.7 | P47: 1286710.6 | Q47: 1028161.9 | R47: 1238313.8 | T47: 1248168.9 | U47: 2100.3092
A48: 46117 | B48: 41094725 | C48: 19493357 | D48: 3851863 | E48: 2767820.4 | F48: 3044500.4 | G48: 1601817 | H48: 1599404.6 | I48: 1933536.5 | J48: 80847.61 | K48: 1337839.5 | L48: 1162566 | M48: 967332 | N48: 17536.318 | O48: 656290.46 | P48: 552196.21 | Q48: 758715.37 | R48: 491108.84 | T48: 777296.72 | U48: 697.0085
A49: 46116 | B49: 27024930 | C49: 8591536.4 | D49: 3432746 | E49: 2629214.5 | F49: 1891871.1 | G49: 1633186.4 | H49: 1142723.2 | I49: 1616170.1 | J49: 92431.711 | K49: 1189895.7 | L49: 834548.03 | M49: 836501.98 | N49: 4083.0544 | O49: 739363.73 | P49: 522188.51 | Q49: 653125.48 | R49: 486242.96 | T49: 716531.56 | U49: 12570.083
A50: 46115 | B50: 52830313 | C50: 17247915 | D50: 7075242.1 | E50: 5329567.4 | F50: 3887396.4 | G50: 2900702.5 | H50: 2007669.8 | I50: 2783047.4 | J50: 341421.16 | K50: 2251175.8 | L50: 1596357.3 | M50: 1340832.3 | N50: 21971.459 | O50: 1189106.6 | P50: 1439899.6 | Q50: 1159470.5 | R50: 1412277.8 | T50: 845555.6 | U50: 703.7663
A51: 46114 | B51: 80516730 | C51: 42005641 | D51: 7236593.3 | E51: 5211546.5 | F51: 3975815.8 | G51: 2981469.7 | H51: 4365869.6 | I51: 2940093.5 | J51: 454408.62 | K51: 2405181.2 | L51: 1729927.2 | M51: 1498858.7 | N51: 14750.21 | O51: 1131398 | P51: 1283018.1 | Q51: 1091470.3 | R51: 1259295.3 | T51: 925340.78 | U51: 6051.8833
