Workbook
Name HLP_Current: Assumptions!$C$4
Name HLP_Legacy: Assumptions!$C$5
Name HLP_ChangeDate: Assumptions!$C$6
Name Rate_Builder: Assumptions!$C$7

Sheet Read Me
B1: Hyperliquid — Fee → Revenue DAILY Decomposition
B2: Splits the actual HyperCore revenue into core-perp / HIP-3 / spot, every day, by top-down subtraction.
B3: Generated 2026-05-21. Daily, 2025-01-01 → 2026-05-20.
B5: THE METHOD (everything daily — no monthly aggregation)
B6: • NORTH STAR: the actual HyperCore revenue reported by hyperscreener.asxn.xyz (the $ that funds HYPE buybacks). The model never overrides it — it decomposes it.
B7: • STEP 1 — HIP-3: HIP-3 gross fees and deployer fees come from Loris (loris.tools), daily. HIP-3 protocol revenue = gross fees − deployer fees.
B8: • STEP 2 — Spot: spot revenue comes from DefiLlama (hyperliquid-spot-orderbook), daily.
B9: • STEP 3 — Core perp (the plug): Core perp revenue = HyperCore revenue − HIP-3 protocol revenue − spot revenue. Because it is a residual, the three pieces ALWAYS sum back to the north star exactly.
B10: • STEP 4 — Fees & HLP: revenue is grossed up to protocol fees by adding back the HLP provider share — 1% of perp+spot fees, and 3% before 2025-08-30 (DefiLlama methodology). Protocol fee = revenue ÷ (1 − HLP%).
B11: • CROSS-CHECKS: each segment's implied take-rate (fees ÷ volume, in bps) is shown so you can sanity-check it against the Hyperliquid fee schedule.
B13: WHAT THE NUMBERS SAY (read these before using the model)
B14: • HIP-3 is in GROWTH MODE: gross fees are ~0.7 bps of HIP-3 volume — roughly 4x lower than core perp. HIP-3 deployer fees are zero until 2026-03-21 (deployers took 0% in growth mode), so before that the protocol kept 100% of the (small) HIP-3 fees. HIP-3 is huge in volume but tiny in revenue today.
... B21: TABS
B22: Assumptions | D22: HLP share (1% / 3% pre-2025-08-30) and the builder-code fee rate. Yellow = editable.
B23: Daily Model | D23: The daily decomposition — one row per day. Volumes → revenue split → implied fees → take-rates.
B24: Daily Data | D24: Raw daily inputs from every source, plus the supply reconciliation.
B25: Sources | D25: Each column → its exact source.
B27: Colour legend: | C27: yellow = input | E27: blue = source value | G27: black = formula | I27: green = cross-tab link

Sheet Assumptions
A1: ASSUMPTIONS — yellow cells are inputs you control
B3: Parameter | C3: Value | D3: bps | E3: Basis / notes
B4: HLP provider share — current | C4: 0.01 | D4: =C4 | E4: Share of perp+spot protocol fees paid to HLP liquidity providers, from 2025-08-30. Source: DefiLlama methodology.
B5: HLP provider share — legacy (pre-changeover) | C5: 0.03 | D5: =C5 | E5: HLP share before 2025-08-30 (it was 3%, cut to 1%). Source: DefiLlama methodology.
B6: HLP rate changeover date | C6: 45899 | E6: Date the HLP share dropped from legacy to current.
B7: Builder code fee rate | C7: 1.63104e-05 | D7: =C7*10000 | E7: Builder code fees as a rate on HyperCore volume. Calibrated from hyperscreener actual builder fees ($2.10M in May-2026; $75.3M all-time, 386 builders). Builder fees are paid on top, 100% to builders.
B9: • Decomposition identity: HyperCore revenue = core perp revenue + HIP-3 protocol revenue + spot revenue (exact, every day).
B10: • HIP-3 (Hyperliquid docs + Loris): users pay ~2x a normal perp fee, but HIP-3 markets run in growth mode — realised HIP-3 fees are very low and the deployer share was 0% until 2026-03-21.
B11: • Hyperliquid fee schedule (reference): perps 0.045%/0.015% taker/maker; spot 0.07%/0.04%; realised rates are far lower due to volume tiers and discounts.

Sheet Daily Model
A1: HYPERLIQUID — DAILY FEE → REVENUE DECOMPOSITION (HyperCore revenue split into core perp / HIP-3 / spot)
B2: VOLUME | E2: REVENUE DECOMPOSITION | K2: IMPLIED FEES | P2: TAKE-RATE CROSS-CHECK
A3: Date | B3: Core Perp Volume ($) | C3: HIP-3 Volume ($) | D3: Spot Volume ($) | E3: HyperCore Revenue — north star ($) | F3: HIP-3 Gross Fees ($) | G3: HIP-3 Deployer Fees ($) | H3: HIP-3 Protocol Revenue ($) | I3: Spot Revenue ($) | J3: Core Perp Revenue — plug ($) | K3: HLP Rate Applied | L3: Core Perp Protocol Fees ($) | M3: Spot Protocol Fees ($) | N3: Builder Code Fees ($) | O3: HLP Provider Cut ($) | P3: Core Perp Take Rate (bps) | Q3: HIP-3 Take Rate (bps) | R3: Spot Take Rate (bps)
A4: 45658 | B4: ='Daily Data'!B4-'Daily Data'!D4 | C4: ='Daily Data'!D4 | D4: ='Daily Data'!C4 | E4: =IF('Daily Data'!E4="","",'Daily Data'!E4) | F4: =IF($E4="","",'Daily Data'!F4) | G4: =IF($E4="","",'Daily Data'!G4) | H4: =IF($E4="","",F4-G4) | I4: =IF($E4="","",'Daily Data'!H4) | J4: =IF($E4="","",E4-H4-I4) | K4: =IF($E4="","",IF(A4<HLP_ChangeDate,HLP_Legacy,HLP_Current)) | L4: =IF($E4="","",J4/(1-K4)) | M4: =IF($E4="","",I4/(1-K4)) | N4: =IF($E4="","",(B4+C4+D4)*Rate_Builder) | O4: =IF($E4="","",E4*K4/(1-K4)) | P4: =IF(OR($E4="",B4=0),"",L4/B4*10000) | Q4: =IF(OR($E4="",C4=0),"",F4/C4*10000) | R4: =IF(OR($E4="",D4=0),"",'Daily Data'!I4/D4*10000)
A5: 45659 | B5: ='Daily Data'!B5-'Daily Data'!D5 | C5: ='Daily Data'!D5 | D5: ='Daily Data'!C5 | E5: =IF('Daily Data'!E5="","",'Daily Data'!E5) | F5: =IF($E5="","",'Daily Data'!F5) | G5: =IF($E5="","",'Daily Data'!G5) | H5: =IF($E5="","",F5-G5) | I5: =IF($E5="","",'Daily Data'!H5) | J5: =IF($E5="","",E5-H5-I5) | K5: =IF($E5="","",IF(A5<HLP_ChangeDate,HLP_Legacy,HLP_Current)) | L5: =IF($E5="","",J5/(1-K5)) | M5: =IF($E5="","",I5/(1-K5)) | N5: =IF($E5="","",(B5+C5+D5)*Rate_Builder) | O5: =IF($E5="","",E5*K5/(1-K5)) | P5: =IF(OR($E5="",B5=0),"",L5/B5*10000) | Q5: =IF(OR($E5="",C5=0),"",F5/C5*10000) | R5: =IF(OR($E5="",D5=0),"",'Daily Data'!I5/D5*10000)
A6: 45660 | B6: ='Daily Data'!B6-'Daily Data'!D6 | C6: ='Daily Data'!D6 | D6: ='Daily Data'!C6 | E6: =IF('Daily Data'!E6="","",'Daily Data'!E6) | F6: =IF($E6="","",'Daily Data'!F6) | G6: =IF($E6="","",'Daily Data'!G6) | H6: =IF($E6="","",F6-G6) | I6: =IF($E6="","",'Daily Data'!H6) | J6: =IF($E6="","",E6-H6-I6) | K6: =IF($E6="","",IF(A6<HLP_ChangeDate,HLP_Legacy,HLP_Current)) | L6: =IF($E6="","",J6/(1-K6)) | M6: =IF($E6="","",I6/(1-K6)) | N6: =IF($E6="","",(B6+C6+D6)*Rate_Builder) | O6: =IF($E6="","",E6*K6/(1-K6)) | P6: =IF(OR($E6="",B6=0),"",L6/B6*10000) | Q6: =IF(OR($E6="",C6=0),"",F6/C6*10000) | R6: =IF(OR($E6="",D6=0),"",'Daily Data'!I6/D6*10000)
A7: 45661 | B7: ='Daily Data'!B7-'Daily Data'!D7 | C7: ='Daily Data'!D7 | D7: ='Daily Data'!C7 | E7: =IF('Daily Data'!E7="","",'Daily Data'!E7) | F7: =IF($E7="","",'Daily Data'!F7) | G7: =IF($E7="","",'Daily Data'!G7) | H7: =IF($E7="","",F7-G7) | I7: =IF($E7="","",'Daily Data'!H7) | J7: =IF($E7="","",E7-H7-I7) | K7: =IF($E7="","",IF(A7<HLP_ChangeDate,HLP_Legacy,HLP_Current)) | L7: =IF($E7="","",J7/(1-K7)) | M7: =IF($E7="","",I7/(1-K7)) | N7: =IF($E7="","",(B7+C7+D7)*Rate_Builder) | O7: =IF($E7="","",E7*K7/(1-K7)) | P7: =IF(OR($E7="",B7=0),"",L7/B7*10000) | Q7: =IF(OR($E7="",C7=0),"",F7/C7*10000) | R7: =IF(OR($E7="",D7=0),"",'Daily Data'!I7/D7*10000)
A8: 45662 | B8: ='Daily Data'!B8-'Daily Data'!D8 | C8: ='Daily Data'!D8 | D8: ='Daily Data'!C8 | E8: =IF('Daily Data'!E8="","",'Daily Data'!E8) | F8: =IF($E8="","",'Daily Data'!F8) | G8: =IF($E8="","",'Daily Data'!G8) | H8: =IF($E8="","",F8-G8) | I8: =IF($E8="","",'Daily Data'!H8) | J8: =IF($E8="","",E8-H8-I8) | K8: =IF($E8="","",IF(A8<HLP_ChangeDate,HLP_Legacy,HLP_Current)) | L8: =IF($E8="","",J8/(1-K8)) | M8: =IF($E8="","",I8/(1-K8)) | N8: =IF($E8="","",(B8+C8+D8)*Rate_Builder) | O8: =IF($E8="","",E8*K8/(1-K8)) | P8: =IF(OR($E8="",B8=0),"",L8/B8*10000) | Q8: =IF(OR($E8="",C8=0),"",F8/C8*10000) | R8: =IF(OR($E8="",D8=0),"",'Daily Data'!I8/D8*10000)
A9: 45663 | B9: ='Daily Data'!B9-'Daily Data'!D9 | C9: ='Daily Data'!D9 | D9: ='Daily Data'!C9 | E9: =IF('Daily Data'!E9="","",'Daily Data'!E9) | F9: =IF($E9="","",'Daily Data'!F9) | G9: =IF($E9="","",'Daily Data'!G9) | H9: =IF($E9="","",F9-G9) | I9: =IF($E9="","",'Daily Data'!H9) | J9: =IF($E9="","",E9-H9-I9) | K9: =IF($E9="","",IF(A9<HLP_ChangeDate,HLP_Legacy,HLP_Current)) | L9: =IF($E9="","",J9/(1-K9)) | M9: =IF($E9="","",I9/(1-K9)) | N9: =IF($E9="","",(B9+C9+D9)*Rate_Builder) | O9: =IF($E9="","",E9*K9/(1-K9)) | P9: =IF(OR($E9="",B9=0),"",L9/B9*10000) | Q9: =IF(OR($E9="",C9=0),"",F9/C9*10000) | R9: =IF(OR($E9="",D9=0),"",'Daily Data'!I9/D9*10000)
A10: 45664 | B10: ='Daily Data'!B10-'Daily Data'!D10 | C10: ='Daily Data'!D10 | D10: ='Daily Data'!C10 | E10: =IF('Daily Data'!E10="","",'Daily Data'!E10) | F10: =IF($E10="","",'Daily Data'!F10) | G10: =IF($E10="","",'Daily Data'!G10) | H10: =IF($E10="","",F10-G10) | I10: =IF($E10="","",'Daily Data'!H10) | J10: =IF($E10="","",E10-H10-I10) | K10: =IF($E10="","",IF(A10<HLP_ChangeDate,HLP_Legacy,HLP_Current)) | L10: =IF($E10="","",J10/(1-K10)) | M10: =IF($E10="","",I10/(1-K10)) | N10: =IF($E10="","",(B10+C10+D10)*Rate_Builder) | O10: =IF($E10="","",E10*K10/(1-K10)) | P10: =IF(OR($E10="",B10=0),"",L10/B10*10000) | Q10: =IF(OR($E10="",C10=0),"",F10/C10*10000) | R10: =IF(OR($E10="",D10=0),"",'Daily Data'!I10/D10*10000)
A11: 45665 | B11: ='Daily Data'!B11-'Daily Data'!D11 | C11: ='Daily Data'!D11 | D11: ='Daily Data'!C11 | E11: =IF('Daily Data'!E11="","",'Daily Data'!E11) | F11: =IF($E11="","",'Daily Data'!F11) | G11: =IF($E11="","",'Daily Data'!G11) | H11: =IF($E11="","",F11-G11) | I11: =IF($E11="","",'Daily Data'!H11) | J11: =IF($E11="","",E11-H11-I11) | K11: =IF($E11="","",IF(A11<HLP_ChangeDate,HLP_Legacy,HLP_Current)) | L11: =IF($E11="","",J11/(1-K11)) | M11: =IF($E11="","",I11/(1-K11)) | N11: =IF($E11="","",(B11+C11+D11)*Rate_Builder) | O11: =IF($E11="","",E11*K11/(1-K11)) | P11: =IF(OR($E11="",B11=0),"",L11/B11*10000) | Q11: =IF(OR($E11="",C11=0),"",F11/C11*10000) | R11: =IF(OR($E11="",D11=0),"",'Daily Data'!I11/D11*10000)
A12: 45666 | B12: ='Daily Data'!B12-'Daily Data'!D12 | C12: ='Daily Data'!D12 | D12: ='Daily Data'!C12 | E12: =IF('Daily Data'!E12="","",'Daily Data'!E12) | F12: =IF($E12="","",'Daily Data'!F12) | G12: =IF($E12="","",'Daily Data'!G12) | H12: =IF($E12="","",F12-G12) | I12: =IF($E12="","",'Daily Data'!H12) | J12: =IF($E12="","",E12-H12-I12) | K12: =IF($E12="","",IF(A12<HLP_ChangeDate,HLP_Legacy,HLP_Current)) | L12: =IF($E12="","",J12/(1-K12)) | M12: =IF($E12="","",I12/(1-K12)) | N12: =IF($E12="","",(B12+C12+D12)*Rate_Builder) | O12: =IF($E12="","",E12*K12/(1-K12)) | P12: =IF(OR($E12="",B12=0),"",L12/B12*10000) | Q12: =IF(OR($E12="",C12=0),"",F12/C12*10000) | R12: =IF(OR($E12="",D12=0),"",'Daily Data'!I12/D12*10000)
A13: 45667 | B13: ='Daily Data'!B13-'Daily Data'!D13 | C13: ='Daily Data'!D13 | D13: ='Daily Data'!C13 | E13: =IF('Daily Data'!E13="","",'Daily Data'!E13) | F13: =IF($E13="","",'Daily Data'!F13) | G13: =IF($E13="","",'Daily Data'!G13) | H13: =IF($E13="","",F13-G13) | I13: =IF($E13="","",'Daily Data'!H13) | J13: =IF($E13="","",E13-H13-I13) | K13: =IF($E13="","",IF(A13<HLP_ChangeDate,HLP_Legacy,HLP_Current)) | L13: =IF($E13="","",J13/(1-K13)) | M13: =IF($E13="","",I13/(1-K13)) | N13: =IF($E13="","",(B13+C13+D13)*Rate_Builder) | O13: =IF($E13="","",E13*K13/(1-K13)) | P13: =IF(OR($E13="",B13=0),"",L13/B13*10000) | Q13: =IF(OR($E13="",C13=0),"",F13/C13*10000) | R13: =IF(OR($E13="",D13=0),"",'Daily Data'!I13/D13*10000)
A14: 45668 | B14: ='Daily Data'!B14-'Daily Data'!D14 | C14: ='Daily Data'!D14 | D14: ='Daily Data'!C14 | E14: =IF('Daily Data'!E14="","",'Daily Data'!E14) | F14: =IF($E14="","",'Daily Data'!F14) | G14: =IF($E14="","",'Daily Data'!G14) | H14: =IF($E14="","",F14-G14) | I14: =IF($E14="","",'Daily Data'!H14) | J14: =IF($E14="","",E14-H14-I14) | K14: =IF($E14="","",IF(A14<HLP_ChangeDate,HLP_Legacy,HLP_Current)) | L14: =IF($E14="","",J14/(1-K14)) | M14: =IF($E14="","",I14/(1-K14)) | N14: =IF($E14="","",(B14+C14+D14)*Rate_Builder) | O14: =IF($E14="","",E14*K14/(1-K14)) | P14: =IF(OR($E14="",B14=0),"",L14/B14*10000) | Q14: =IF(OR($E14="",C14=0),"",F14/C14*10000) | R14: =IF(OR($E14="",D14=0),"",'Daily Data'!I14/D14*10000)
A15: 45669 | B15: ='Daily Data'!B15-'Daily Data'!D15 | C15: ='Daily Data'!D15 | D15: ='Daily Data'!C15 | E15: =IF('Daily Data'!E15="","",'Daily Data'!E15) | F15: =IF($E15="","",'Daily Data'!F15) | G15: =IF($E15="","",'Daily Data'!G15) | H15: =IF($E15="","",F15-G15) | I15: =IF($E15="","",'Daily Data'!H15) | J15: =IF($E15="","",E15-H15-I15) | K15: =IF($E15="","",IF(A15<HLP_ChangeDate,HLP_Legacy,HLP_Current)) | L15: =IF($E15="","",J15/(1-K15)) | M15: =IF($E15="","",I15/(1-K15)) | N15: =IF($E15="","",(B15+C15+D15)*Rate_Builder) | O15: =IF($E15="","",E15*K15/(1-K15)) | P15: =IF(OR($E15="",B15=0),"",L15/B15*10000) | Q15: =IF(OR($E15="",C15=0),"",F15/C15*10000) | R15: =IF(OR($E15="",D15=0),"",'Daily Data'!I15/D15*10000)
... A508: 46162 | B508: ='Daily Data'!B508-'Daily Data'!D508 | C508: ='Daily Data'!D508 | D508: ='Daily Data'!C508 | E508: =IF('Daily Data'!E508="","",'Daily Data'!E508) | F508: =IF($E508="","",'Daily Data'!F508) | G508: =IF($E508="","",'Daily Data'!G508) | H508: =IF($E508="","",F508-G508) | I508: =IF($E508="","",'Daily Data'!H508) | J508: =IF($E508="","",E508-H508-I508) | K508: =IF($E508="","",IF(A508<HLP_ChangeDate,HLP_Legacy,HLP_Current)) | L508: =IF($E508="","",J508/(1-K508)) | M508: =IF($E508="","",I508/(1-K508)) | N508: =IF($E508="","",(B508+C508+D508)*Rate_Builder) | O508: =IF($E508="","",E508*K508/(1-K508)) | P508: =IF(OR($E508="",B508=0),"",L508/B508*10000) | Q508: =IF(OR($E508="",C508=0),"",F508/C508*10000) | R508: =IF(OR($E508="",D508=0),"",'Daily Data'!I508/D508*10000)

Sheet Daily Data
A1: DAILY DATA — raw inputs by source. hyperscreener.asxn.xyz · Loris (loris.tools) · DefiLlama
B2: hyperscreener | C2: hyperscreener | D2: Loris | E2: hyperscreener | F2: Loris | G2: Loris | H2: DefiLlama | I2: DefiLlama | J2: hyperscreener | K2: hyperscreener | L2: hyperscreener | M2: hyperscreener | N2: hyperscreener | O2: hyperscreener | P2: hyperscreener | Q2: hyperscreener | R2: hyperscreener | S2: hyperscreener | T2: Calc | U2: Calc | V2: Calc | W2: Calc
A3: Date | B3: Total Perp Volume ($) | C3: Spot Volume ($) | D3: HIP-3 Volume ($) | E3: HyperCore Revenue ($) | F3: HIP-3 Gross Fees ($) | G3: HIP-3 Deployer Fees ($) | H3: Spot Revenue ($) | I3: Spot Fees ($) | J3: HyperEVM Burn ($) | K3: Auction Burn ($) | L3: Buyback HYPE | M3: Buyback USD ($) | N3: AF Holdings (HYPE) | O3: Daily Emission (HYPE) | P3: Daily Burn (HYPE) | Q3: Daily Burn ($) | R3: Circulating Supply (HYPE) | S3: Total Supply (HYPE) | T3: Δ Circ Supply (HYPE) | U3: Δ Total Supply (HYPE) | V3: Total Supply Check ≈0 | W3: Circ Residual / Other (HYPE)
A4: 45658 | B4: 2.1572568e+09 | D4: 0 | F4: 0 | G4: 0 | H4: 29237 | I4: 30141 | N4: 11719551 | O4: 24499.354 | P4: 941.1022 | Q4: 22586.45 | R4: 3.3384913e+08 | S4: 9.9988896e+08
A5: 45659 | B5: 3.6458162e+09 | D5: 0 | F5: 0 | G5: 0 | H5: 40416 | I5: 41666 | N5: 11756781 | O5: 24851.902 | P5: 920.9016 | Q5: 24230.76 | R5: 3.3385788e+08 | S5: 9.9988804e+08 | T5: =IF(OR(R5="",R4=""),"",R5-R4) | U5: =IF(OR(S5="",S4=""),"",S5-S4) | V5: =IF(OR(U5="",P5=""),"",U5+P5) | W5: =IF(OR(T5="",O5="",P5=""),"",T5-O5+P5)
A6: 45660 | B6: 3.5731603e+09 | D6: 0 | F6: 0 | G6: 0 | H6: 35895 | I6: 37005 | N6: 11812513 | O6: 25219.868 | P6: 905.5316 | Q6: 20963.06 | R6: 3.3386719e+08 | S6: 9.9988714e+08 | T6: =IF(OR(R6="",R5=""),"",R6-R5) | U6: =IF(OR(S6="",S5=""),"",S6-S5) | V6: =IF(OR(U6="",P6=""),"",U6+P6) | W6: =IF(OR(T6="",O6="",P6=""),"",T6-O6+P6)
A7: 45661 | B7: 2.5062676e+09 | D7: 0 | F7: 0 | G7: 0 | H7: 24616 | I7: 25377 | N7: 11846794 | O7: 25452.778 | P7: 1232.8801 | Q7: 30121.73 | R7: 3.3387648e+08 | S7: 9.998859e+08 | T7: =IF(OR(R7="",R6=""),"",R7-R6) | U7: =IF(OR(S7="",S6=""),"",S7-S6) | V7: =IF(OR(U7="",P7=""),"",U7+P7) | W7: =IF(OR(T7="",O7="",P7=""),"",T7-O7+P7)
A8: 45662 | B8: 2.149149e+09 | D8: 0 | F8: 0 | G8: 0 | H8: 18684 | I8: 19262 | N8: 11889348 | O8: 25665.111 | P8: 617.3145 | Q8: 15443.36 | R8: 3.3388674e+08 | S8: 9.9988529e+08 | T8: =IF(OR(R8="",R7=""),"",R8-R7) | U8: =IF(OR(S8="",S7=""),"",S8-S7) | V8: =IF(OR(U8="",P8=""),"",U8+P8) | W8: =IF(OR(T8="",O8="",P8=""),"",T8-O8+P8)
A9: 45663 | B9: 4.4049187e+09 | D9: 0 | F9: 0 | G9: 0 | H9: 22750 | I9: 23453 | N9: 11933135 | O9: 25789.885 | P9: 447.5855 | Q9: 10920.86 | R9: 3.3389734e+08 | S9: 9.9988484e+08 | T9: =IF(OR(R9="",R8=""),"",R9-R8) | U9: =IF(OR(S9="",S8=""),"",S9-S8) | V9: =IF(OR(U9="",P9=""),"",U9+P9) | W9: =IF(OR(T9="",O9="",P9=""),"",T9-O9+P9)
A10: 45664 | B10: 7.0045455e+09 | D10: 0 | F10: 0 | G10: 0 | H10: 29308 | I10: 30214 | N10: 11991787 | O10: 25854.611 | P10: 718.7295 | Q10: 18132.11 | R10: 3.3390778e+08 | S10: 9.9988412e+08 | T10: =IF(OR(R10="",R9=""),"",R10-R9) | U10: =IF(OR(S10="",S9=""),"",S10-S9) | V10: =IF(OR(U10="",P10=""),"",U10+P10) | W10: =IF(OR(T10="",O10="",P10=""),"",T10-O10+P10)
A11: 45665 | B11: 6.0197847e+09 | D11: 0 | F11: 0 | G11: 0 | H11: 43915 | I11: 45273 | N11: 12076330 | O11: 25924.42 | P11: 744.9065 | Q11: 17501.58 | R11: 3.3391828e+08 | S11: 9.9988338e+08 | T11: =IF(OR(R11="",R10=""),"",R11-R10) | U11: =IF(OR(S11="",S10=""),"",S11-S10) | V11: =IF(OR(U11="",P11=""),"",U11+P11) | W11: =IF(OR(T11="",O11="",P11=""),"",T11-O11+P11)
A12: 45666 | B12: 7.1233273e+09 | D12: 0 | F12: 0 | G12: 0 | H12: 45969 | I12: 47391 | N12: 12156975 | O12: 25984.345 | P12: 1579.5356 | Q12: 35552.19 | R12: 3.3392805e+08 | S12: 9.998818e+08 | T12: =IF(OR(R12="",R11=""),"",R12-R11) | U12: =IF(OR(S12="",S11=""),"",S12-S11) | V12: =IF(OR(U12="",P12=""),"",U12+P12) | W12: =IF(OR(T12="",O12="",P12=""),"",T12-O12+P12)
A13: 45667 | B13: 5.1100061e+09 | D13: 0 | F13: 0 | G13: 0 | H13: 26938 | I13: 27771 | N13: 12241033 | O13: 26008.903 | P13: 1664.9046 | Q13: 33764.27 | R13: 3.3393775e+08 | S13: 9.9988013e+08 | T13: =IF(OR(R13="",R12=""),"",R13-R12) | U13: =IF(OR(S13="",S12=""),"",S13-S12) | V13: =IF(OR(U13="",P13=""),"",U13+P13) | W13: =IF(OR(T13="",O13="",P13=""),"",T13-O13+P13)
A14: 45668 | B14: 1.9752201e+09 | D14: 0 | F14: 0 | G14: 0 | H14: 14512 | I14: 14961 | N14: 12305409 | O14: 26032.719 | P14: 984.8383 | Q14: 20333.96 | R14: 3.3394818e+08 | S14: 9.9987915e+08 | T14: =IF(OR(R14="",R13=""),"",R14-R13) | U14: =IF(OR(S14="",S13=""),"",S14-S13) | V14: =IF(OR(U14="",P14=""),"",U14+P14) | W14: =IF(OR(T14="",O14="",P14=""),"",T14-O14+P14)
A15: 45669 | B15: 1.8688233e+09 | D15: 0 | F15: 0 | G15: 0 | N15: 12323093 | O15: 26062.989 | P15: 555.3528 | Q15: 11594.93 | R15: 3.3395908e+08 | S15: 9.9987859e+08 | T15: =IF(OR(R15="",R14=""),"",R15-R14) | U15: =IF(OR(S15="",S14=""),"",S15-S14) | V15: =IF(OR(U15="",P15=""),"",U15+P15) | W15: =IF(OR(T15="",O15="",P15=""),"",T15-O15+P15)
A16: 45670 | B16: 7.6148894e+09 | D16: 0 | F16: 0 | G16: 0 | N16: 12366458 | O16: 26085.585 | P16: 490.8274 | Q16: 10364.31 | R16: 3.339701e+08 | S16: 9.998781e+08 | T16: =IF(OR(R16="",R15=""),"",R16-R15) | U16: =IF(OR(S16="",S15=""),"",S16-S15) | V16: =IF(OR(U16="",P16=""),"",U16+P16) | W16: =IF(OR(T16="",O16="",P16=""),"",T16-O16+P16)
A17: 45671 | B17: 4.1645346e+09 | D17: 0 | F17: 0 | G17: 0 | H17: 23594 | I17: 24324 | N17: 12467821 | O17: 26275.62 | P17: 1292.8946 | Q17: 27962.08 | R17: 3.3398062e+08 | S17: 9.9987681e+08 | T17: =IF(OR(R17="",R16=""),"",R17-R16) | U17: =IF(OR(S17="",S16=""),"",S17-S16) | V17: =IF(OR(U17="",P17=""),"",U17+P17) | W17: =IF(OR(T17="",O17="",P17=""),"",T17-O17+P17)
A18: 45672 | B18: 5.3154076e+09 | D18: 0 | F18: 0 | G18: 0 | H18: 23198 | I18: 23915 | N18: 12522774 | O18: 26404.186 | P18: 1035.8599 | Q18: 23826.33 | R18: 3.3399159e+08 | S18: 9.9987577e+08 | T18: =IF(OR(R18="",R17=""),"",R18-R17) | U18: =IF(OR(S18="",S17=""),"",S18-S17) | V18: =IF(OR(U18="",P18=""),"",U18+P18) | W18: =IF(OR(T18="",O18="",P18=""),"",T18-O18+P18)
A19: 45673 | B19: 5.7136112e+09 | D19: 0 | F19: 0 | G19: 0 | H19: 18044 | I19: 18602 | N19: 12591917 | O19: 26508.232 | P19: 883.4029 | Q19: 21532.95 | R19: 3.3400284e+08 | S19: 9.9987489e+08 | T19: =IF(OR(R19="",R18=""),"",R19-R18) | U19: =IF(OR(S19="",S18=""),"",S19-S18) | V19: =IF(OR(U19="",P19=""),"",U19+P19) | W19: =IF(OR(T19="",O19="",P19=""),"",T19-O19+P19)
A20: 45674 | B20: 5.4612772e+09 | D20: 0 | F20: 0 | G20: 0 | H20: 19870 | I20: 20485 | N20: 12657482 | O20: 26562.754 | P20: 560.1256 | Q20: 13148.11 | R20: 3.3401451e+08 | S20: 9.9987433e+08 | T20: =IF(OR(R20="",R19=""),"",R20-R19) | U20: =IF(OR(S20="",S19=""),"",S20-S19) | V20: =IF(OR(U20="",P20=""),"",U20+P20) | W20: =IF(OR(T20="",O20="",P20=""),"",T20-O20+P20)
A21: 45675 | B21: 9.6789601e+09 | D21: 0 | F21: 0 | G21: 0 | H21: 50841 | I21: 52413 | N21: 12746262 | O21: 26584.013 | P21: 614.0791 | Q21: 14179.39 | R21: 3.3402616e+08 | S21: 9.9987371e+08 | T21: =IF(OR(R21="",R20=""),"",R21-R20) | U21: =IF(OR(S21="",S20=""),"",S21-S20) | V21: =IF(OR(U21="",P21=""),"",U21+P21) | W21: =IF(OR(T21="",O21="",P21=""),"",T21-O21+P21)
A22: 45676 | B22: 1.775022e+10 | D22: 0 | F22: 0 | G22: 0 | H22: 59675 | I22: 61521 | N22: 12889603 | O22: 26576.453 | P22: 1549.2138 | Q22: 33984.33 | R22: 3.3403684e+08 | S22: 9.9987217e+08 | T22: =IF(OR(R22="",R21=""),"",R22-R21) | U22: =IF(OR(S22="",S21=""),"",S22-S21) | V22: =IF(OR(U22="",P22=""),"",U22+P22) | W22: =IF(OR(T22="",O22="",P22=""),"",T22-O22+P22)
A23: 45677 | B23: 1.6339005e+10 | D23: 0 | F23: 0 | G23: 0 | H23: 33251 | I23: 34279 | N23: 13118130 | O23: 26541.273 | P23: 2127.3129 | Q23: 42947.26 | R23: 3.3404689e+08 | S23: 9.9987004e+08 | T23: =IF(OR(R23="",R22=""),"",R23-R22) | U23: =IF(OR(S23="",S22=""),"",S23-S22) | V23: =IF(OR(U23="",P23=""),"",U23+P23) | W23: =IF(OR(T23="",O23="",P23=""),"",T23-O23+P23)
A24: 45678 | B24: 8.3419449e+09 | D24: 0 | F24: 0 | G24: 0 | H24: 33047 | I24: 34069 | N24: 13251259 | O24: 26530.748 | P24: 1392.5278 | Q24: 28622.71 | R24: 3.3405768e+08 | S24: 9.9986865e+08 | T24: =IF(OR(R24="",R23=""),"",R24-R23) | U24: =IF(OR(S24="",S23=""),"",S24-S23) | V24: =IF(OR(U24="",P24=""),"",U24+P24) | W24: =IF(OR(T24="",O24="",P24=""),"",T24-O24+P24)
A25: 45679 | B25: 5.2815512e+09 | D25: 0 | F25: 0 | G25: 0 | H25: 29505 | I25: 30418 | N25: 13322389 | O25: 26567.346 | P25: 1404.8497 | Q25: 32564.41 | R25: 3.3406849e+08 | S25: 9.9986724e+08 | T25: =IF(OR(R25="",R24=""),"",R25-R24) | U25: =IF(OR(S25="",S24=""),"",S25-S24) | V25: =IF(OR(U25="",P25=""),"",U25+P25) | W25: =IF(OR(T25="",O25="",P25=""),"",T25-O25+P25)
A26: 45680 | B26: 1.1321581e+10 | D26: 0 | F26: 0 | G26: 0 | H26: 37014 | I26: 38159 | N26: 13384449 | O26: 26581.533 | P26: 923.5959 | Q26: 22448.92 | R26: 3.3407981e+08 | S26: 9.9986632e+08 | T26: =IF(OR(R26="",R25=""),"",R26-R25) | U26: =IF(OR(S26="",S25=""),"",S26-S25) | V26: =IF(OR(U26="",P26=""),"",U26+P26) | W26: =IF(OR(T26="",O26="",P26=""),"",T26-O26+P26)
A27: 45681 | B27: 5.7847318e+09 | D27: 0 | F27: 0 | G27: 0 | H27: 23279 | I27: 23999 | N27: 13500446 | O27: 26552.402 | P27: 1425.0715 | Q27: 31310.24 | R27: 3.3409059e+08 | S27: 9.9986489e+08 | T27: =IF(OR(R27="",R26=""),"",R27-R26) | U27: =IF(OR(S27="",S26=""),"",S27-S26) | V27: =IF(OR(U27="",P27=""),"",U27+P27) | W27: =IF(OR(T27="",O27="",P27=""),"",T27-O27+P27)
A28: 45682 | B28: 3.5167284e+09 | D28: 0 | F28: 0 | G28: 0 | H28: 13888 | I28: 14317 | N28: 13559681 | O28: 26530.811 | P28: 909.6107 | Q28: 20977.9 | R28: 3.3410184e+08 | S28: 9.9986398e+08 | T28: =IF(OR(R28="",R27=""),"",R28-R27) | U28: =IF(OR(S28="",S27=""),"",S28-S27) | V28: =IF(OR(U28="",P28=""),"",U28+P28) | W28: =IF(OR(T28="",O28="",P28=""),"",T28-O28+P28)
... A81: 45735 | B81: 5.9364707e+09 | D81: 0 | F81: 0 | G81: 0 | H81: 17924 | I81: 18478 | N81: 17658356 | O81: 26377.289 | P81: 408.8611 | Q81: 5793.56 | R81: 3.3470475e+08 | S81: 9.9981459e+08 | T81: =IF(OR(R81="",R80=""),"",R81-R80) | U81: =IF(OR(S81="",S80=""),"",S81-S80) | V81: =IF(OR(U81="",P81=""),"",U81+P81) | W81: =IF(OR(T81="",O81="",P81=""),"",T81-O81+P81)
A82: 45736 | B82: 4.7983491e+09 | D82: 0 | E82: 1360250.1 | F82: 0 | G82: 0 | H82: 13612 | I82: 14033 | J82: 222.65073 | K82: 35438.86 | L82: 93242.48 | M82: 1360250.1 | N82: 17751598 | O82: 26389.385 | P82: 1047.6243 | Q82: 16362.32 | R82: 3.347156e+08 | S82: 9.9981354e+08 | T82: =IF(OR(R82="",R81=""),"",R82-R81) | U82: =IF(OR(S82="",S81=""),"",S82-S81) | V82: =IF(OR(U82="",P82=""),"",U82+P82) | W82: =IF(OR(T82="",O82="",P82=""),"",T82-O82+P82)
A83: 45737 | B83: 3.5352826e+09 | D83: 0 | E83: 1031164.9 | F83: 0 | G83: 0 | H83: 11995 | I83: 12366 | J83: 2823.9089 | K83: 45038.24 | L83: 70431.98 | M83: 1031164.9 | N83: 17822030 | O83: 26422.9 | P83: 592.8651 | Q83: 8389.63 | R83: 3.3472695e+08 | S83: 9.9981295e+08 | T83: =IF(OR(R83="",R82=""),"",R83-R82) | U83: =IF(OR(S83="",S82=""),"",S83-S82) | V83: =IF(OR(U83="",P83=""),"",U83+P83) | W83: =IF(OR(T83="",O83="",P83=""),"",T83-O83+P83)
A84: 45738 | B84: 2.0454278e+09 | D84: 0 | E84: 847303.18 | F84: 0 | G84: 0 | H84: 8184 | I84: 8437 | J84: 212.65569 | K84: 57676.12 | L84: 53131.87 | M84: 847303.18 | N84: 17875162 | O84: 26439.06 | P84: 633.9893 | Q84: 10097.86 | R84: 3.3473829e+08 | S84: 9.9981231e+08 | T84: =IF(OR(R84="",R83=""),"",R84-R83) | U84: =IF(OR(S84="",S83=""),"",S84-S83) | V84: =IF(OR(U84="",P84=""),"",U84+P84) | W84: =IF(OR(T84="",O84="",P84=""),"",T84-O84+P84)
A85: 45739 | B85: 2.4627913e+09 | D85: 0 | E85: 450708.74 | F85: 0 | G85: 0 | H85: 6361 | I85: 6558 | J85: 313.52069 | K85: 0 | L85: 28455.13 | M85: 450708.74 | N85: 17903617 | O85: 26250.617 | P85: 393.117 | Q85: 6122.6 | R85: 3.3474968e+08 | S85: 9.9981192e+08 | T85: =IF(OR(R85="",R84=""),"",R85-R84) | U85: =IF(OR(S85="",S84=""),"",S85-S84) | V85: =IF(OR(U85="",P85=""),"",U85+P85) | W85: =IF(OR(T85="",O85="",P85=""),"",T85-O85+P85)
A86: 45740 | B86: 5.1058256e+09 | D86: 0 | E86: 829053.81 | F86: 0 | G86: 0 | H86: 18609 | I86: 19185 | J86: 377.73303 | K86: 49980 | L86: 49430.03 | M86: 829053.81 | N86: 17953047 | O86: 26407.972 | P86: 282.117 | Q86: 4596.11 | R86: 3.3476131e+08 | S86: 9.9981164e+08 | T86: =IF(OR(R86="",R85=""),"",R86-R85) | U86: =IF(OR(S86="",S85=""),"",S86-S85) | V86: =IF(OR(U86="",P86=""),"",U86+P86) | W86: =IF(OR(T86="",O86="",P86=""),"",T86-O86+P86)
A87: 45741 | B87: 3.9320302e+09 | D87: 0 | E87: 1041581.3 | F87: 0 | G87: 0 | H87: 11179 | I87: 11525 | J87: 325.86711 | K87: 63542.04 | L87: 63584.4 | M87: 1041581.3 | N87: 18016632 | O87: 26408.12 | P87: 874.4752 | Q87: 14662.32 | R87: 3.3477236e+08 | S87: 9.9981076e+08 | T87: =IF(OR(R87="",R86=""),"",R87-R86) | U87: =IF(OR(S87="",S86=""),"",S87-S86) | V87: =IF(OR(U87="",P87=""),"",U87+P87) | W87: =IF(OR(T87="",O87="",P87=""),"",T87-O87+P87)
A88: 45742 | B88: 4.5464593e+09 | D88: 0 | E88: 829339.39 | F88: 0 | G88: 0 | H88: 60200 | I88: 62061 | J88: 520.88851 | K88: 0 | L88: 57631.29 | M88: 829339.39 | N88: 18074263 | O88: 26422.374 | P88: 418.2386 | Q88: 6705.62 | R88: 3.3478388e+08 | S88: 9.9981034e+08 | T88: =IF(OR(R88="",R87=""),"",R88-R87) | U88: =IF(OR(S88="",S87=""),"",S88-S87) | V88: =IF(OR(U88="",P88=""),"",U88+P88) | W88: =IF(OR(T88="",O88="",P88=""),"",T88-O88+P88)
A89: 45743 | B89: 2.9680178e+09 | D89: 0 | E89: 1118366.5 | F89: 0 | G89: 0 | H89: 11862 | I89: 12229 | J89: 170.72506 | K89: 145034.84 | L89: 77117.5 | M89: 1118366.5 | N89: 18151380 | O89: 26404.382 | P89: 3348.6945 | Q89: 47070.92 | R89: 3.3479246e+08 | S89: 9.99807e+08 | T89: =IF(OR(R89="",R88=""),"",R89-R88) | U89: =IF(OR(S89="",S88=""),"",S89-S88) | V89: =IF(OR(U89="",P89=""),"",U89+P89) | W89: =IF(OR(T89="",O89="",P89=""),"",T89-O89+P89)
A90: 45744 | B90: 4.6960274e+09 | D90: 0 | E90: 828868.5 | F90: 0 | G90: 0 | H90: 17635 | I90: 18181 | J90: 148.90207 | K90: 0 | L90: 62740.01 | M90: 828868.5 | N90: 18214121 | O90: 26355.458 | P90: 572.3714 | Q90: 8353.19 | R90: 3.3480375e+08 | S90: 9.9980642e+08 | T90: =IF(OR(R90="",R89=""),"",R90-R89) | U90: =IF(OR(S90="",S89=""),"",S90-S89) | V90: =IF(OR(U90="",P90=""),"",U90+P90) | W90: =IF(OR(T90="",O90="",P90=""),"",T90-O90+P90)
A91: 45745 | B91: 3.3004373e+09 | D91: 0 | E91: 901117.23 | F91: 0 | G91: 0 | H91: 12226 | I91: 12604 | J91: 123.14806 | K91: 53370.55 | L91: 70357.02 | M91: 901117.23 | N91: 18284478 | O91: 26368.156 | P91: 574.8896 | Q91: 7698.63 | R91: 3.3481505e+08 | S91: 9.9980585e+08 | T91: =IF(OR(R91="",R90=""),"",R91-R90) | U91: =IF(OR(S91="",S90=""),"",S91-S90) | V91: =IF(OR(U91="",P91=""),"",U91+P91) | W91: =IF(OR(T91="",O91="",P91=""),"",T91-O91+P91)
A92: 45746 | B92: 2.7740623e+09 | D92: 0 | E92: 696924.24 | F92: 0 | G92: 0 | H92: 7203 | I92: 7425 | J92: 101.87837 | K92: 45820.11 | L92: 55468.07 | M92: 696924.24 | N92: 18339946 | O92: 26361.194 | P92: 564.418 | Q92: 7222.57 | R92: 3.3482634e+08 | S92: 9.9980528e+08 | T92: =IF(OR(R92="",R91=""),"",R92-R91) | U92: =IF(OR(S92="",S91=""),"",S92-S91) | V92: =IF(OR(U92="",P92=""),"",U92+P92) | W92: =IF(OR(T92="",O92="",P92=""),"",T92-O92+P92)
A93: 45747 | B93: 5.7868158e+09 | D93: 0 | E93: 895707.82 | F93: 0 | G93: 0 | H93: 12269 | I93: 12648 | J93: 396.57366 | K93: 0 | L93: 68018.01 | M93: 895707.82 | N93: 18407964 | O93: 26329.338 | P93: 300.1917 | Q93: 3746.69 | R93: 3.3483785e+08 | S93: 9.9980498e+08 | T93: =IF(OR(R93="",R92=""),"",R93-R92) | U93: =IF(OR(S93="",S92=""),"",S93-S92) | V93: =IF(OR(U93="",P93=""),"",U93+P93) | W93: =IF(OR(T93="",O93="",P93=""),"",T93-O93+P93)
... A161: 45815 | B161: 3.033733e+09 | D161: 0 | E161: 1547600.8 | F161: 0 | G161: 0 | H161: 30046 | I161: 30975 | J161: 10596.986 | K161: 19606.25 | L161: 45268.08 | M161: 1547600.8 | N161: 24203501 | O161: 26173.826 | P161: 1731.8133 | Q161: 57205.26 | R161: 3.355408e+08 | S161: 9.997273e+08 | T161: =IF(OR(R161="",R160=""),"",R161-R160) | U161: =IF(OR(S161="",S160=""),"",S161-S160) | V161: =IF(OR(U161="",P161=""),"",U161+P161) | W161: =IF(OR(T161="",O161="",P161=""),"",T161-O161+P161)
A162: 45816 | B162: 3.1217007e+09 | D162: 0 | E162: 795945.09 | F162: 0 | G162: 0 | J162: 12374.019 | K162: 24700.19 | L162: 22402.6 | M162: 795945.09 | N162: 24225904 | O162: 26210.631 | P162: 1145.1683 | Q162: 39757.38 | R162: 3.3555121e+08 | S162: 9.9972615e+08 | T162: =IF(OR(R162="",R161=""),"",R162-R161) | U162: =IF(OR(S162="",S161=""),"",S162-S161) | V162: =IF(OR(U162="",P162=""),"",U162+P162) | W162: =IF(OR(T162="",O162="",P162=""),"",T162-O162+P162)
A163: 45817 | B163: 7.9469529e+09 | D163: 0 | E163: 1033782.9 | F163: 0 | G163: 0 | J163: 21782.409 | K163: 0 | L163: 27813.55 | M163: 1033782.9 | N163: 24253717 | O163: 25299.785 | P163: 1303.6525 | Q163: 45368.41 | R163: 3.3556093e+08 | S163: 9.9972485e+08 | T163: =IF(OR(R163="",R162=""),"",R163-R162) | U163: =IF(OR(S163="",S162=""),"",S163-S162) | V163: =IF(OR(U163="",P163=""),"",U163+P163) | W163: =IF(OR(T163="",O163="",P163=""),"",T163-O163+P163)
A164: 45818 | B164: 8.8680623e+09 | D164: 0 | E164: 2966717.5 | F164: 0 | G164: 0 | H164: 112003 | I164: 115467 | J164: 36602.413 | K164: 19343.05 | L164: 72585.42 | M164: 2966717.5 | N164: 24326303 | O164: 26201.094 | P164: 1301.1221 | Q164: 50109.47 | R164: 3.3557117e+08 | S164: 9.9972355e+08 | T164: =IF(OR(R164="",R163=""),"",R164-R163) | U164: =IF(OR(S164="",S163=""),"",S164-S163) | V164: =IF(OR(U164="",P164=""),"",U164+P164) | W164: =IF(OR(T164="",O164="",P164=""),"",T164-O164+P164)
A165: 45819 | B165: 8.8808494e+09 | D165: 0 | E165: 2670016.4 | F165: 0 | G165: 0 | H165: 102743 | I165: 105920 | J165: 23763.465 | K165: 0 | L165: 62825.88 | M165: 2670016.4 | N165: 24389129 | O165: 26194.285 | P165: 2420.7992 | Q165: 102175.88 | R165: 3.3558029e+08 | S165: 9.9972113e+08 | T165: =IF(OR(R165="",R164=""),"",R165-R164) | U165: =IF(OR(S165="",S164=""),"",S165-S164) | V165: =IF(OR(U165="",P165=""),"",U165+P165) | W165: =IF(OR(T165="",O165="",P165=""),"",T165-O165+P165)
A166: 45820 | B166: 9.8599768e+09 | D166: 0 | E166: 2787983.2 | F166: 0 | G166: 0 | H166: 92615 | I166: 95479 | J166: 21543.04 | K166: 0 | L166: 66551.07 | M166: 2787983.2 | N166: 24455680 | O166: 26172.677 | P166: 1573.8715 | Q166: 65059.91 | R166: 3.355902e+08 | S166: 9.9971955e+08 | T166: =IF(OR(R166="",R165=""),"",R166-R165) | U166: =IF(OR(S166="",S165=""),"",S166-S165) | V166: =IF(OR(U166="",P166=""),"",U166+P166) | W166: =IF(OR(T166="",O166="",P166=""),"",T166-O166+P166)
A167: 45821 | B167: 1.3286057e+10 | D167: 0 | E167: 4333047.9 | F167: 0 | G167: 0 | H167: 144260 | I167: 148721 | J167: 25139.009 | K167: 20519.17 | L167: 106831.07 | M167: 4333047.9 | N167: 24562511 | O167: 26192 | P167: 1328.325 | Q167: 52391.79 | R167: 3.356004e+08 | S167: 9.9971822e+08 | T167: =IF(OR(R167="",R166=""),"",R167-R166) | U167: =IF(OR(S167="",S166=""),"",S167-S166) | V167: =IF(OR(U167="",P167=""),"",U167+P167) | W167: =IF(OR(T167="",O167="",P167=""),"",T167-O167+P167)
A168: 45822 | B168: 4.4904691e+09 | D168: 0 | E168: 2185535.2 | F168: 0 | G168: 0 | H168: 51552 | I168: 53146 | J168: 8906.4284 | K168: 34608.23 | L168: 53683.83 | M168: 2185535.2 | N168: 24616195 | O168: 26263.484 | P168: 2718.0225 | Q168: 114351.28 | R168: 3.3560933e+08 | S168: 9.9971551e+08 | T168: =IF(OR(R168="",R167=""),"",R168-R167) | U168: =IF(OR(S168="",S167=""),"",S168-S167) | V168: =IF(OR(U168="",P168=""),"",U168+P168) | W168: =IF(OR(T168="",O168="",P168=""),"",T168-O168+P168)
A169: 45823 | B169: 4.1205593e+09 | D169: 0 | E169: 1164654 | F169: 0 | G169: 0 | H169: 38458 | I169: 39647 | J169: 6346.0583 | K169: 0 | L169: 28628.23 | M169: 1164654 | N169: 24644823 | O169: 26057.089 | P169: 1523.9619 | Q169: 61283.08 | R169: 3.3561929e+08 | S169: 9.9971398e+08 | T169: =IF(OR(R169="",R168=""),"",R169-R168) | U169: =IF(OR(S169="",S168=""),"",S169-S168) | V169: =IF(OR(U169="",P169=""),"",U169+P169) | W169: =IF(OR(T169="",O169="",P169=""),"",T169-O169+P169)
A170: 45824 | B170: 9.9104451e+09 | D170: 0 | E170: 1387388.4 | F170: 0 | G170: 0 | H170: 100767 | I170: 103884 | J170: 13337.004 | K170: 43700.71 | L170: 31692.79 | M170: 1387388.4 | N170: 24676516 | O170: 26275.498 | P170: 535.3125 | Q170: 21937.11 | R170: 3.3563042e+08 | S170: 9.9971345e+08 | T170: =IF(OR(R170="",R169=""),"",R170-R169) | U170: =IF(OR(S170="",S169=""),"",S170-S169) | V170: =IF(OR(U170="",P170=""),"",U170+P170) | W170: =IF(OR(T170="",O170="",P170=""),"",T170-O170+P170)
A171: 45825 | B171: 1.1324626e+10 | D171: 0 | E171: 3414074.1 | F171: 0 | G171: 0 | H171: 115542 | I171: 119116 | J171: 20062.713 | K171: 0 | L171: 84832.16 | M171: 3414074.1 | N171: 24761348 | O171: 26285.578 | P171: 2288.4006 | Q171: 94658.55 | R171: 3.3563982e+08 | S171: 9.9971116e+08 | T171: =IF(OR(R171="",R170=""),"",R171-R170) | U171: =IF(OR(S171="",S170=""),"",S171-S170) | V171: =IF(OR(U171="",P171=""),"",U171+P171) | W171: =IF(OR(T171="",O171="",P171=""),"",T171-O171+P171)
A172: 45826 | B172: 7.99953e+09 | D172: 0 | E172: 2621754.3 | F172: 0 | G172: 0 | H172: 86220 | I172: 88887 | J172: 15089.279 | K172: 28795.88 | L172: 68011.24 | M172: 2621754.3 | N172: 24829359 | O172: 26255.057 | P172: 1751.8615 | Q172: 69725.84 | R172: 3.3564968e+08 | S172: 9.9970941e+08 | T172: =IF(OR(R172="",R171=""),"",R172-R171) | U172: =IF(OR(S172="",S171=""),"",S172-S171) | V172: =IF(OR(U172="",P172=""),"",U172+P172) | W172: =IF(OR(T172="",O172="",P172=""),"",T172-O172+P172)
A173: 45827 | B173: 5.3097062e+09 | D173: 0 | E173: 2072394.7 | F173: 0 | G173: 0 | H173: 71693 | I173: 73911 | J173: 18252.615 | K173: 24354.76 | L173: 55708.49 | M173: 2072394.7 | N173: 24885068 | O173: 26211.471 | P173: 1998.2373 | Q173: 78520.73 | R173: 3.3565923e+08 | S173: 9.9970741e+08 | T173: =IF(OR(R173="",R172=""),"",R173-R172) | U173: =IF(OR(S173="",S172=""),"",S173-S172) | V173: =IF(OR(U173="",P173=""),"",U173+P173) | W173: =IF(OR(T173="",O173="",P173=""),"",T173-O173+P173)
A174: 45828 | B174: 8.9847656e+09 | D174: 0 | E174: 1572540.3 | F174: 0 | G174: 0 | H174: 90730 | I174: 93536 | J174: 19860.2 | K174: 25525.19 | L174: 46185.19 | M174: 1572540.3 | N174: 24931253 | O174: 26182.716 | P174: 1736.6411 | Q174: 64135.02 | R174: 3.3566905e+08 | S174: 9.9970567e+08 | T174: =IF(OR(R174="",R173=""),"",R174-R173) | U174: =IF(OR(S174="",S173=""),"",S174-S173) | V174: =IF(OR(U174="",P174=""),"",U174+P174) | W174: =IF(OR(T174="",O174="",P174=""),"",T174-O174+P174)
A175: 45829 | B175: 5.8535617e+09 | D175: 0 | E175: 2062339.9 | F175: 0 | G175: 0 | H175: 67039 | I175: 69112 | J175: 10510.707 | K175: 26551.55 | L175: 62400.26 | M175: 2062339.9 | N175: 24993653 | O175: 26223.75 | P175: 1975.2883 | Q175: 65201.3 | R175: 3.3567865e+08 | S175: 9.997037e+08 | T175: =IF(OR(R175="",R174=""),"",R175-R174) | U175: =IF(OR(S175="",S174=""),"",S175-S174) | V175: =IF(OR(U175="",P175=""),"",U175+P175) | W175: =IF(OR(T175="",O175="",P175=""),"",T175-O175+P175)
... A199: 45853 | B199: 1.7479663e+10 | D199: 0 | E199: 3961622.5 | F199: 0 | G199: 0 | H199: 122632 | I199: 126425 | J199: 28006.94 | K199: 0 | L199: 83530.85 | M199: 3961622.5 | N199: 26291595 | O199: 25934.958 | P199: 1590.787 | Q199: 75311.83 | R199: 3.3592849e+08 | S199: 9.9967608e+08 | T199: =IF(OR(R199="",R198=""),"",R199-R198) | U199: =IF(OR(S199="",S198=""),"",S199-S198) | V199: =IF(OR(U199="",P199=""),"",U199+P199) | W199: =IF(OR(T199="",O199="",P199=""),"",T199-O199+P199)
A200: 45854 | B200: 1.4838265e+10 | C200: 4.8312223e+08 | D200: 0 | E200: 4321512.6 | F200: 0 | G200: 0 | H200: 106735 | I200: 110036 | J200: 25631.071 | K200: 37909.3 | L200: 90398.68 | M200: 4321512.6 | N200: 26381994 | O200: 26049.467 | P200: 762.501 | Q200: 36536.76 | R200: 3.3593911e+08 | S200: 9.9967531e+08 | T200: =IF(OR(R200="",R199=""),"",R200-R199) | U200: =IF(OR(S200="",S199=""),"",S200-S199) | V200: =IF(OR(U200="",P200=""),"",U200+P200) | W200: =IF(OR(T200="",O200="",P200=""),"",T200-O200+P200)
A201: 45855 | B201: 1.6730827e+10 | C201: 6.0552013e+08 | D201: 0 | E201: 4475766 | F201: 0 | G201: 0 | H201: 137344 | I201: 141592 | J201: 30615.533 | K201: 40435.14 | L201: 96658.21 | M201: 4475766 | N201: 26478652 | O201: 26170.392 | P201: 1597.9602 | Q201: 75397.35 | R201: 3.3594908e+08 | S201: 9.9967371e+08 | T201: =IF(OR(R201="",R200=""),"",R201-R200) | U201: =IF(OR(S201="",S200=""),"",S201-S200) | V201: =IF(OR(U201="",P201=""),"",U201+P201) | W201: =IF(OR(T201="",O201="",P201=""),"",T201-O201+P201)
A202: 45856 | B202: 1.7860069e+10 | C202: 5.347588e+08 | D202: 0 | E202: 5353743.7 | F202: 0 | G202: 0 | H202: 119533 | I202: 123230 | J202: 27402.363 | K202: 38945.15 | L202: 117990.63 | M202: 5353743.7 | N202: 26596643 | O202: 26160.434 | P202: 1707.7749 | Q202: 77293.89 | R202: 3.3595904e+08 | S202: 9.9967201e+08 | T202: =IF(OR(R202="",R201=""),"",R202-R201) | U202: =IF(OR(S202="",S201=""),"",S202-S201) | V202: =IF(OR(U202="",P202=""),"",U202+P202) | W202: =IF(OR(T202="",O202="",P202=""),"",T202-O202+P202)
A203: 45857 | B203: 5.9404657e+09 | C203: 2.4200522e+08 | D203: 0 | E203: 3622903.1 | F203: 0 | G203: 0 | H203: 54170 | I203: 55845 | J203: 10314.04 | K203: 0 | L203: 81070.97 | M203: 3622903.1 | N203: 26677713 | O203: 26235.162 | P203: 1734.6771 | Q203: 77534.86 | R203: 3.3596897e+08 | S203: 9.9967027e+08 | T203: =IF(OR(R203="",R202=""),"",R203-R202) | U203: =IF(OR(S203="",S202=""),"",S203-S202) | V203: =IF(OR(U203="",P203=""),"",U203+P203) | W203: =IF(OR(T203="",O203="",P203=""),"",T203-O203+P203)
A204: 45858 | B204: 1.1223165e+10 | C204: 3.3320353e+08 | D204: 0 | E204: 1637416.7 | F204: 0 | G204: 0 | H204: 65594 | I204: 67623 | J204: 14768.492 | K204: 23021.35 | L204: 35661.34 | M204: 1637416.7 | N204: 26713375 | O204: 25437.461 | P204: 387.0758 | Q204: 17124.81 | R204: 3.3597988e+08 | S204: 9.9966989e+08 | T204: =IF(OR(R204="",R203=""),"",R204-R203) | U204: =IF(OR(S204="",S203=""),"",S204-S203) | V204: =IF(OR(U204="",P204=""),"",U204+P204) | W204: =IF(OR(T204="",O204="",P204=""),"",T204-O204+P204)
A205: 45859 | B205: 1.5217203e+10 | C205: 4.2399045e+08 | D205: 0 | E205: 4157067.3 | F205: 0 | G205: 0 | H205: 94711 | I205: 97640 | J205: 30281.515 | K205: 30274.37 | L205: 89986.02 | M205: 4157067.3 | N205: 26790541 | O205: 26253.086 | P205: 1064.9001 | Q205: 48440.71 | R205: 3.3599052e+08 | S205: 9.9966882e+08 | T205: =IF(OR(R205="",R204=""),"",R205-R204) | U205: =IF(OR(S205="",S204=""),"",S205-S204) | V205: =IF(OR(U205="",P205=""),"",U205+P205) | W205: =IF(OR(T205="",O205="",P205=""),"",T205-O205+P205)
A206: 45860 | B206: 1.7573227e+10 | C206: 4.9980959e+08 | D206: 0 | E206: 4309374.4 | F206: 0 | G206: 0 | H206: 102780 | I206: 105959 | J206: 29834.466 | K206: 31944.03 | L206: 97303.92 | M206: 4309374.4 | N206: 26894758 | O206: 26270.238 | P206: 1351.9293 | Q206: 60089.2 | R206: 3.3600087e+08 | S206: 9.9966747e+08 | T206: =IF(OR(R206="",R205=""),"",R206-R205) | U206: =IF(OR(S206="",S205=""),"",S206-S205) | V206: =IF(OR(U206="",P206=""),"",U206+P206) | W206: =IF(OR(T206="",O206="",P206=""),"",T206-O206+P206)
A207: 45861 | B207: 1.392002e+10 | C207: 4.6567537e+08 | D207: 0 | E207: 4231130.1 | F207: 0 | G207: 0 | H207: 96945 | I207: 99943 | J207: 22305.81 | K207: 38232.91 | L207: 96327.11 | M207: 4231130.1 | N207: 26980394 | O207: 26260.008 | P207: 1567.0252 | Q207: 71576.23 | R207: 3.36011e+08 | S207: 9.996659e+08 | T207: =IF(OR(R207="",R206=""),"",R207-R206) | U207: =IF(OR(S207="",S206=""),"",S207-S206) | V207: =IF(OR(U207="",P207=""),"",U207+P207) | W207: =IF(OR(T207="",O207="",P207=""),"",T207-O207+P207)
A208: 45862 | B208: 1.3225484e+10 | C208: 3.9775922e+08 | D208: 0 | E208: 3649361.1 | F208: 0 | G208: 0 | H208: 88469 | I208: 91205 | J208: 15704.905 | K208: 61157.71 | L208: 85212.58 | M208: 3649361.1 | N208: 27094232 | O208: 26273.1 | P208: 1495.0699 | Q208: 65208.97 | R208: 3.3602123e+08 | S208: 9.9966441e+08 | T208: =IF(OR(R208="",R207=""),"",R208-R207) | U208: =IF(OR(S208="",S207=""),"",S208-S207) | V208: =IF(OR(U208="",P208=""),"",U208+P208) | W208: =IF(OR(T208="",O208="",P208=""),"",T208-O208+P208)
A209: 45863 | B209: 1.5953353e+10 | C209: 4.1314328e+08 | D209: 0 | E209: 3875969.7 | F209: 0 | G209: 0 | H209: 87695 | I209: 90407 | J209: 17068.723 | K209: 0 | L209: 91651.09 | M209: 3875969.7 | N209: 27194424 | O209: 26270.683 | P209: 2080.4413 | Q209: 87022.78 | R209: 3.3603085e+08 | S209: 9.9966233e+08 | T209: =IF(OR(R209="",R208=""),"",R209-R208) | U209: =IF(OR(S209="",S208=""),"",S209-S208) | V209: =IF(OR(U209="",P209=""),"",U209+P209) | W209: =IF(OR(T209="",O209="",P209=""),"",T209-O209+P209)
A210: 45864 | B210: 5.6986335e+09 | C210: 2.3513833e+08 | D210: 0 | E210: 2008190.5 | F210: 0 | G210: 0 | H210: 49934 | I210: 51478 | J210: 9624.4893 | K210: 29566.6 | L210: 45480.69 | M210: 2008190.5 | N210: 27257118 | O210: 26267.594 | P210: 620.5895 | Q210: 27269.63 | R210: 3.3604193e+08 | S210: 9.9966171e+08 | T210: =IF(OR(R210="",R209=""),"",R210-R209) | U210: =IF(OR(S210="",S209=""),"",S210-S209) | V210: =IF(OR(U210="",P210=""),"",U210+P210) | W210: =IF(OR(T210="",O210="",P210=""),"",T210-O210+P210)
A211: 45865 | B211: 7.4132509e+09 | C211: 2.7716232e+08 | D211: 0 | E211: 2122051.8 | F211: 0 | G211: 0 | H211: 61525 | I211: 63428 | J211: 9811.1807 | K211: 0 | L211: 48885.03 | M211: 2122051.8 | N211: 27288585 | O211: 26273.955 | P211: 1027.789 | Q211: 44634.3 | R211: 3.3605263e+08 | S211: 9.9966068e+08 | T211: =IF(OR(R211="",R210=""),"",R211-R210) | U211: =IF(OR(S211="",S210=""),"",S211-S210) | V211: =IF(OR(U211="",P211=""),"",U211+P211) | W211: =IF(OR(T211="",O211="",P211=""),"",T211-O211+P211)
... A240: 45894 | B240: 2.0948854e+10 | C240: 3.4426446e+09 | D240: 0 | E240: 5591022.7 | F240: 0 | G240: 0 | H240: 314829 | I240: 543705 | J240: 57416.931 | K240: 0 | L240: 124431.35 | M240: 5591022.7 | N240: 29699945 | O240: 26363.933 | P240: 2861.0986 | Q240: 132424.52 | R240: 3.3636031e+08 | S240: 9.9962658e+08 | T240: =IF(OR(R240="",R239=""),"",R240-R239) | U240: =IF(OR(S240="",S239=""),"",S240-S239) | V240: =IF(OR(U240="",P240=""),"",U240+P240) | W240: =IF(OR(T240="",O240="",P240=""),"",T240-O240+P240)
A241: 45895 | B241: 1.5388541e+10 | D241: 0 | E241: 5812626 | F241: 0 | G241: 0 | H241: 459589 | I241: 782342 | J241: 43508.115 | K241: 49798.91 | L241: 124468.22 | M241: 5812626 | N241: 29824454 | O241: 26366.01 | P241: 1538.1765 | Q241: 65850.87 | R241: 3.3637066e+08 | S241: 9.9962505e+08 | T241: =IF(OR(R241="",R240=""),"",R241-R240) | U241: =IF(OR(S241="",S240=""),"",S241-S240) | V241: =IF(OR(U241="",P241=""),"",U241+P241) | W241: =IF(OR(T241="",O241="",P241=""),"",T241-O241+P241)
A242: 45896 | B242: 1.3058401e+10 | D242: 0 | E242: 3645666.4 | F242: 0 | G242: 0 | H242: 177611 | I242: 217368 | J242: 52325.088 | K242: 68838.23 | L242: 73824.09 | M242: 3645666.4 | N242: 29897947 | O242: 26403.572 | P242: 2522.4986 | Q242: 122551.81 | R242: 3.3638005e+08 | S242: 9.9962252e+08 | T242: =IF(OR(R242="",R241=""),"",R242-R241) | U242: =IF(OR(S242="",S241=""),"",S242-S241) | V242: =IF(OR(U242="",P242=""),"",U242+P242) | W242: =IF(OR(T242="",O242="",P242=""),"",T242-O242+P242)
A243: 45897 | B243: 1.0282719e+10 | D243: 0 | E243: 2852918.4 | F243: 0 | G243: 0 | H243: 133062 | I243: 176810 | J243: 26936.355 | K243: 0 | L243: 59964.64 | M243: 2852918.4 | N243: 29957492 | O243: 26384 | P243: 2596.5887 | Q243: 122355.15 | R243: 3.3638942e+08 | S243: 9.9961993e+08 | T243: =IF(OR(R243="",R242=""),"",R243-R242) | U243: =IF(OR(S243="",S242=""),"",S243-S242) | V243: =IF(OR(U243="",P243=""),"",U243+P243) | W243: =IF(OR(T243="",O243="",P243=""),"",T243-O243+P243)
A244: 45898 | B244: 1.6727207e+10 | D244: 0 | E244: 4517739.1 | F244: 0 | G244: 0 | H244: 353666 | I244: 598611 | J244: 28057.991 | K244: 34731.2 | L244: 101222.13 | M244: 4517739.1 | N244: 30059184 | O244: 26324.201 | P244: 775.6297 | Q244: 35347.77 | R244: 3.3640054e+08 | S244: 9.9961915e+08 | T244: =IF(OR(R244="",R243=""),"",R244-R243) | U244: =IF(OR(S244="",S243=""),"",S244-S243) | V244: =IF(OR(U244="",P244=""),"",U244+P244) | W244: =IF(OR(T244="",O244="",P244=""),"",T244-O244+P244)
A245: 45899 | B245: 6.7994197e+09 | D245: 0 | E245: 1903289.3 | F245: 0 | G245: 0 | H245: 187625 | I245: 323882 | J245: 7760.1102 | K245: 34702.17 | L245: 43251.17 | M245: 1903289.3 | N245: 30102385 | O245: 26261.878 | P245: 1515.4212 | Q245: 67293.04 | R245: 3.3641097e+08 | S245: 9.9961764e+08 | T245: =IF(OR(R245="",R244=""),"",R245-R244) | U245: =IF(OR(S245="",S244=""),"",S245-S244) | V245: =IF(OR(U245="",P245=""),"",U245+P245) | W245: =IF(OR(T245="",O245="",P245=""),"",T245-O245+P245)
A246: 45900 | B246: 5.7665084e+09 | D246: 0 | E246: 1781642.5 | F246: 0 | G246: 0 | H246: 258222 | I246: 473026 | J246: 6506.9381 | K246: 28404.45 | L246: 39932.11 | M246: 1781642.5 | N246: 30142543 | O246: 26548.256 | P246: 1051.6584 | Q246: 46374.45 | R246: 3.3642206e+08 | S246: 9.9961658e+08 | T246: =IF(OR(R246="",R245=""),"",R246-R245) | U246: =IF(OR(S246="",S245=""),"",S246-S245) | V246: =IF(OR(U246="",P246=""),"",U246+P246) | W246: =IF(OR(T246="",O246="",P246=""),"",T246-O246+P246)
A247: 45901 | B247: 1.1587933e+10 | D247: 0 | E247: 3002689.8 | F247: 0 | G247: 0 | H247: 186943 | I247: 297309 | J247: 18424.969 | K247: 0 | L247: 68021.86 | M247: 3002689.8 | N247: 30210339 | O247: 26680.479 | P247: 996.2214 | Q247: 44034.98 | R247: 3.3643328e+08 | S247: 9.9961559e+08 | T247: =IF(OR(R247="",R246=""),"",R247-R246) | U247: =IF(OR(S247="",S246=""),"",S247-S246) | V247: =IF(OR(U247="",P247=""),"",U247+P247) | W247: =IF(OR(T247="",O247="",P247=""),"",T247-O247+P247)
A248: 45902 | B248: 1.1422881e+10 | D248: 0 | E248: 3058785.6 | F248: 0 | G248: 0 | H248: 97355 | I248: 138213 | J248: 17147.428 | K248: 58325.55 | L248: 69292.78 | M248: 3058785.6 | N248: 30279632 | O248: 26649.846 | P248: 470.2765 | Q248: 20214.84 | R248: 3.3644493e+08 | S248: 9.9961512e+08 | T248: =IF(OR(R248="",R247=""),"",R248-R247) | U248: =IF(OR(S248="",S247=""),"",S248-S247) | V248: =IF(OR(U248="",P248=""),"",U248+P248) | W248: =IF(OR(T248="",O248="",P248=""),"",T248-O248+P248)
A249: 45903 | B249: 8.200161e+09 | D249: 0 | E249: 2259297.5 | F249: 0 | G249: 0 | H249: 90595 | I249: 121295 | J249: 22000.403 | K249: 0 | L249: 49663.71 | M249: 2259297.5 | N249: 30329295 | O249: 26600.414 | P249: 1849.0277 | Q249: 83187.76 | R249: 3.3645517e+08 | S249: 9.9961327e+08 | T249: =IF(OR(R249="",R248=""),"",R249-R248) | U249: =IF(OR(S249="",S248=""),"",S249-S248) | V249: =IF(OR(U249="",P249=""),"",U249+P249) | W249: =IF(OR(T249="",O249="",P249=""),"",T249-O249+P249)
A250: 45904 | B250: 9.3533345e+09 | D250: 0 | E250: 2588476.6 | F250: 0 | G250: 0 | H250: 108106 | I250: 141848 | J250: 20973.833 | K250: 23483.66 | L250: 56982.19 | M250: 2588476.6 | N250: 30386454 | O250: 26579.881 | P250: 500.6941 | Q250: 22924.03 | R250: 3.3646672e+08 | S250: 9.9961277e+08 | T250: =IF(OR(R250="",R249=""),"",R250-R249) | U250: =IF(OR(S250="",S249=""),"",S250-S249) | V250: =IF(OR(U250="",P250=""),"",U250+P250) | W250: =IF(OR(T250="",O250="",P250=""),"",T250-O250+P250)
A251: 45905 | B251: 1.3297496e+10 | D251: 0 | E251: 3390576.3 | F251: 0 | G251: 0 | H251: 152198 | I251: 202138 | J251: 33820.502 | K251: 0 | L251: 72961.84 | M251: 3390576.3 | N251: 30459239 | O251: 26477.556 | P251: 922.0321 | Q251: 41829.37 | R251: 3.3647774e+08 | S251: 9.9961185e+08 | T251: =IF(OR(R251="",R250=""),"",R251-R250) | U251: =IF(OR(S251="",S250=""),"",S251-S250) | V251: =IF(OR(U251="",P251=""),"",U251+P251) | W251: =IF(OR(T251="",O251="",P251=""),"",T251-O251+P251)
A252: 45906 | B252: 3.3317977e+09 | D252: 0 | E252: 996786 | F252: 0 | G252: 0 | H252: 86566 | I252: 113097 | J252: 9924.9661 | K252: 26595.36 | L252: 21417.47 | M252: 996786 | N252: 30480657 | O252: 26466.128 | P252: 660.0802 | Q252: 31311.23 | R252: 3.3648901e+08 | S252: 9.9961119e+08 | T252: =IF(OR(R252="",R251=""),"",R252-R251) | U252: =IF(OR(S252="",S251=""),"",S252-S251) | V252: =IF(OR(U252="",P252=""),"",U252+P252) | W252: =IF(OR(T252="",O252="",P252=""),"",T252-O252+P252)
A253: 45907 | B253: 3.8444059e+09 | C253: 2.284416e+08 | D253: 0 | E253: 1076047.9 | F253: 0 | G253: 0 | H253: 107118 | I253: 140516 | J253: 10078.663 | K253: 0 | L253: 22861.04 | M253: 1076047.9 | N253: 30503518 | O253: 26495.024 | P253: 869.383 | Q253: 40168.54 | R253: 3.365001e+08 | S253: 9.9961032e+08 | T253: =IF(OR(R253="",R252=""),"",R253-R252) | U253: =IF(OR(S253="",S252=""),"",S253-S252) | V253: =IF(OR(U253="",P253=""),"",U253+P253) | W253: =IF(OR(T253="",O253="",P253=""),"",T253-O253+P253)
A254: 45908 | B254: 9.2436385e+09 | C254: 5.6013087e+08 | D254: 0 | E254: 2646828.6 | F254: 0 | G254: 0 | H254: 217527 | I254: 273056 | J254: 30522.433 | K254: 23586.38 | L254: 52527.18 | M254: 2646828.6 | N254: 30556045 | O254: 26585.838 | P254: 393.8362 | Q254: 18541.02 | R254: 3.3651174e+08 | S254: 9.9960992e+08 | T254: =IF(OR(R254="",R253=""),"",R254-R253) | U254: =IF(OR(S254="",S253=""),"",S254-S253) | V254: =IF(OR(U254="",P254=""),"",U254+P254) | W254: =IF(OR(T254="",O254="",P254=""),"",T254-O254+P254)
A255: 45909 | B255: 1.0021382e+10 | C255: 6.9924394e+08 | D255: 0 | E255: 2868805.1 | F255: 0 | G255: 0 | H255: 342654 | I255: 413034 | J255: 44114.145 | K255: 32581.41 | L255: 53818.18 | M255: 2868805.1 | N255: 30609863 | O255: 26573.784 | P255: 1758.4763 | Q255: 89376.32 | R255: 3.3652202e+08 | S255: 9.9960816e+08 | T255: =IF(OR(R255="",R254=""),"",R255-R254) | U255: =IF(OR(S255="",S254=""),"",S255-S254) | V255: =IF(OR(U255="",P255=""),"",U255+P255) | W255: =IF(OR(T255="",O255="",P255=""),"",T255-O255+P255)
A256: 45910 | B256: 1.0548514e+10 | C256: 7.1910455e+08 | D256: 0 | E256: 3110976.4 | F256: 0 | G256: 0 | H256: 352169 | I256: 460271 | J256: 64920.659 | K256: 0 | L256: 56960.36 | M256: 3110976.4 | N256: 30667004 | O256: 26497.991 | P256: 1883.9013 | Q256: 99843 | R256: 3.3653218e+08 | S256: 9.9960628e+08 | T256: =IF(OR(R256="",R255=""),"",R256-R255) | U256: =IF(OR(S256="",S255=""),"",S256-S255) | V256: =IF(OR(U256="",P256=""),"",U256+P256) | W256: =IF(OR(T256="",O256="",P256=""),"",T256-O256+P256)
A257: 45911 | B257: 1.0439855e+10 | C257: 1.0947415e+09 | D257: 0 | E257: 2776718.4 | F257: 0 | G257: 0 | H257: 675011 | I257: 877218 | J257: 49875.712 | K257: 38608.58 | L257: 50755.36 | M257: 2776718.4 | N257: 30717579 | O257: 26585.663 | P257: 962.3786 | Q257: 53594.86 | R257: 3.3654328e+08 | S257: 9.9960532e+08 | T257: =IF(OR(R257="",R256=""),"",R257-R256) | U257: =IF(OR(S257="",S256=""),"",S257-S256) | V257: =IF(OR(U257="",P257=""),"",U257+P257) | W257: =IF(OR(T257="",O257="",P257=""),"",T257-O257+P257)
A258: 45912 | B258: 1.1233081e+10 | C258: 1.0944798e+09 | D258: 0 | E258: 3886527.3 | F258: 0 | G258: 0 | H258: 719743 | I258: 932625 | J258: 27942.408 | K258: 40234.03 | L258: 69085.9 | M258: 3886527.3 | N258: 30786665 | O258: 26596.986 | P258: 1764.2211 | Q258: 100437.99 | R258: 3.3655359e+08 | S258: 9.9960355e+08 | T258: =IF(OR(R258="",R257=""),"",R258-R257) | U258: =IF(OR(S258="",S257=""),"",S258-S257) | V258: =IF(OR(U258="",P258=""),"",U258+P258) | W258: =IF(OR(T258="",O258="",P258=""),"",T258-O258+P258)
A259: 45913 | B259: 7.135098e+09 | C259: 9.3816708e+08 | D259: 0 | E259: 2341465.7 | F259: 0 | G259: 0 | H259: 667731 | I259: 872004 | J259: 27236.936 | K259: 35238.96 | L259: 42254.53 | M259: 2341465.7 | N259: 30828919 | O259: 26610.641 | P259: 1590.6385 | Q259: 87889.94 | R259: 3.3656409e+08 | S259: 9.9960196e+08 | T259: =IF(OR(R259="",R258=""),"",R259-R258) | U259: =IF(OR(S259="",S258=""),"",S259-S258) | V259: =IF(OR(U259="",P259=""),"",U259+P259) | W259: =IF(OR(T259="",O259="",P259=""),"",T259-O259+P259)
A260: 45914 | B260: 7.3512405e+09 | C260: 1.4374906e+09 | D260: 0 | E260: 2440513.7 | F260: 0 | G260: 0 | H260: 1177892 | I260: 1484929 | J260: 25193.25 | K260: 69612.11 | L260: 44985.96 | M260: 2440513.7 | N260: 30873905 | O260: 26575.863 | P260: 1322.6154 | Q260: 72478.66 | R260: 3.3657484e+08 | S260: 9.9960064e+08 | T260: =IF(OR(R260="",R259=""),"",R260-R259) | U260: =IF(OR(S260="",S259=""),"",S260-S259) | V260: =IF(OR(U260="",P260=""),"",U260+P260) | W260: =IF(OR(T260="",O260="",P260=""),"",T260-O260+P260)
A261: 45915 | B261: 1.0569922e+10 | C261: 8.2774271e+08 | D261: 0 | E261: 3082934.9 | F261: 0 | G261: 0 | H261: 446016 | I261: 546177 | J261: 39378.17 | K261: 137023.41 | L261: 57922.8 | M261: 3082934.9 | N261: 30933108 | O261: 26579.824 | P261: 2114.4975 | Q261: 114011.59 | R261: 3.3658477e+08 | S261: 9.9959853e+08 | T261: =IF(OR(R261="",R260=""),"",R261-R260) | U261: =IF(OR(S261="",S260=""),"",S261-S260) | V261: =IF(OR(U261="",P261=""),"",U261+P261) | W261: =IF(OR(T261="",O261="",P261=""),"",T261-O261+P261)
A262: 45916 | B262: 8.6834427e+09 | C262: 6.8344999e+08 | D262: 0 | E262: 2594690.3 | F262: 0 | G262: 0 | H262: 434995 | I262: 513550 | J262: 40156.338 | K262: 0 | L262: 48484.79 | M262: 2594690.3 | N262: 30980293 | O262: 26544.487 | P262: 3313.2701 | Q262: 178404.68 | R262: 3.3659345e+08 | S262: 9.9959521e+08 | T262: =IF(OR(R262="",R261=""),"",R262-R261) | U262: =IF(OR(S262="",S261=""),"",S262-S261) | V262: =IF(OR(U262="",P262=""),"",U262+P262) | W262: =IF(OR(T262="",O262="",P262=""),"",T262-O262+P262)
A263: 45917 | B263: 1.2223979e+10 | C263: 9.6921722e+08 | D263: 0 | E263: 3503801.9 | F263: 0 | G263: 0 | H263: 619267 | I263: 733442 | J263: 37998.55 | K263: 40795.08 | L263: 63294.81 | M263: 3503801.9 | N263: 31042329 | O263: 26519.903 | P263: 697.1051 | Q263: 37697.7 | R263: 3.3660467e+08 | S263: 9.9959452e+08 | T263: =IF(OR(R263="",R262=""),"",R263-R262) | U263: =IF(OR(S263="",S262=""),"",S263-S262) | V263: =IF(OR(U263="",P263=""),"",U263+P263) | W263: =IF(OR(T263="",O263="",P263=""),"",T263-O263+P263)
A264: 45918 | B264: 9.6138506e+09 | C264: 8.5049668e+08 | D264: 0 | E264: 2978630.8 | F264: 0 | G264: 0 | H264: 512239 | I264: 590986 | J264: 40751.903 | K264: 40354.24 | L264: 51082.94 | M264: 2978630.8 | N264: 31094691 | O264: 26535.394 | P264: 1522.8477 | Q264: 88170.6 | R264: 3.3661514e+08 | S264: 9.9959299e+08 | T264: =IF(OR(R264="",R263=""),"",R264-R263) | U264: =IF(OR(S264="",S263=""),"",S264-S263) | V264: =IF(OR(U264="",P264=""),"",U264+P264) | W264: =IF(OR(T264="",O264="",P264=""),"",T264-O264+P264)
... A275: 45929 | B275: 7.9347808e+09 | C275: 7.0483179e+08 | D275: 0 | E275: 2482196.6 | F275: 0 | G275: 0 | H275: 174982 | I275: 258840 | J275: 62226.715 | K275: 31773.87 | L275: 53114.97 | M275: 2482196.6 | N275: 31728729 | O275: 26353.242 | P275: 1419.9657 | Q275: 66510.48 | R275: 3.3672908e+08 | S275: 9.9957663e+08 | T275: =IF(OR(R275="",R274=""),"",R275-R274) | U275: =IF(OR(S275="",S274=""),"",S275-S274) | V275: =IF(OR(U275="",P275=""),"",U275+P275) | W275: =IF(OR(T275="",O275="",P275=""),"",T275-O275+P275)
A276: 45930 | B276: 8.4980078e+09 | D276: 0 | E276: 2530245.3 | F276: 0 | G276: 0 | H276: 190907 | I276: 272745 | J276: 52354.821 | K276: 36054.78 | L276: 56329.96 | M276: 2530245.3 | N276: 31785059 | O276: 26353.045 | P276: 1560.4482 | Q276: 71948.36 | R276: 3.3673922e+08 | S276: 9.9957507e+08 | T276: =IF(OR(R276="",R275=""),"",R276-R275) | U276: =IF(OR(S276="",S275=""),"",S276-S275) | V276: =IF(OR(U276="",P276=""),"",U276+P276) | W276: =IF(OR(T276="",O276="",P276=""),"",T276-O276+P276)
A277: 45931 | B277: 9.8242332e+09 | C277: 6.3143567e+08 | D277: 0 | E277: 2829098.7 | F277: 0 | G277: 0 | H277: 165450 | I277: 254301 | J277: 51778.886 | K277: 40212.6 | L277: 60619.99 | M277: 2829098.7 | N277: 31845679 | O277: 26351.695 | P277: 1559.708 | Q277: 70598.62 | R277: 3.3674936e+08 | S277: 9.9957351e+08 | T277: =IF(OR(R277="",R276=""),"",R277-R276) | U277: =IF(OR(S277="",S276=""),"",S277-S276) | V277: =IF(OR(U277="",P277=""),"",U277+P277) | W277: =IF(OR(T277="",O277="",P277=""),"",T277-O277+P277)
A278: 45932 | B278: 1.0644493e+10 | D278: 0 | E278: 3179745 | F278: 0 | G278: 0 | H278: 178645 | I278: 239666 | J278: 59032.679 | K278: 0 | L278: 64602.58 | M278: 3179745 | N278: 31910282 | O278: 26326.891 | P278: 2228.7202 | Q278: 106803.62 | R278: 3.367588e+08 | S278: 9.9957129e+08 | T278: =IF(OR(R278="",R277=""),"",R278-R277) | U278: =IF(OR(S278="",S277=""),"",S278-S277) | V278: =IF(OR(U278="",P278=""),"",U278+P278) | W278: =IF(OR(T278="",O278="",P278=""),"",T278-O278+P278)
A279: 45933 | B279: 1.040819e+10 | D279: 0 | E279: 3194278.8 | F279: 0 | G279: 0 | H279: 155510 | I279: 219717 | J279: 37391.425 | K279: 34634.9 | L279: 63968.63 | M279: 3194278.8 | N279: 31974250 | O279: 26375.116 | P279: 2052.1029 | Q279: 103520.38 | R279: 3.3676851e+08 | S279: 9.9956923e+08 | T279: =IF(OR(R279="",R278=""),"",R279-R278) | U279: =IF(OR(S279="",S278=""),"",S279-S278) | V279: =IF(OR(U279="",P279=""),"",U279+P279) | W279: =IF(OR(T279="",O279="",P279=""),"",T279-O279+P279)
A280: 45934 | B280: 4.7665442e+09 | D280: 0 | E280: 1423501.1 | F280: 0 | G280: 0 | H280: 133499 | I280: 174444 | J280: 18861.855 | K280: 44298.54 | L280: 29332 | M280: 1423501.1 | N280: 32003582 | O280: 26401.186 | P280: 1300.9188 | Q280: 64111.23 | R280: 3.3677897e+08 | S280: 9.9956793e+08 | T280: =IF(OR(R280="",R279=""),"",R280-R279) | U280: =IF(OR(S280="",S279=""),"",S280-S279) | V280: =IF(OR(U280="",P280=""),"",U280+P280) | W280: =IF(OR(T280="",O280="",P280=""),"",T280-O280+P280)
...

Sheet Sources
A1: SOURCES
A2: Data | B2: Source | C2: Endpoint / reference | D2: Notes
A3: Total perp & spot volume | B3: hyperscreener.asxn.xyz | C3: API /cloudfront/total_volume, /spot-ecosystem | D3: Daily.
A4: HyperCore revenue (NORTH STAR) | B4: hyperscreener.asxn.xyz | C4: API /buyback/revenues | D4: Actual protocol revenue / buyback. From 2025-03-20.
A5: Buyback, AF, emissions, burns, supply | B5: hyperscreener.asxn.xyz | C5: API /buyback/*, /validators/daily-emissions | D5: On the Daily Data tab.
A6: HIP-3 volume, gross fees, deployer fees | B6: Loris | C6: loris.tools/hip3 (via v3 workbook) | D6: Daily. HIP-3 fees from 2025-10-13; deployer fees from 2026-03-21.
A7: Spot revenue & spot fees | B7: DefiLlama | C7: api.llama.fi /summary/fees/hyperliquid-spot-orderbook | D7: dailyHoldersRevenue & dailyFees. Daily.
A8: HLP share rule (1% / 3%) | B8: DefiLlama | C8: Hyperliquid fees methodology | D8: HLP got 3% of perp fees before 2025-08-30, 1% after.
A9: Builder code fees | B9: hyperscreener.asxn.xyz | C9: API /node/builders/* | D9: $75.3M all-time. Modelled as a rate on volume (Assumptions).
A10: HIP-3 fee structure | B10: Hyperliquid docs | C10: HIP-3 builder-deployed perpetuals | D10: Users pay ~2x; markets currently in growth mode (low realised fees).
